ID,Name,Team,Pos,Value,1_xMins,1_Pts,2_xMins,2_Pts,3_xMins,3_Pts,4_xMins,4_Pts,5_xMins,5_Pts,6_xMins,6_Pts,total_pts
45106.0,Mohamed Salah,LIV,M,12.0,83,7.10753484443671,75,6.750427752152084,67,5.409507545166549,69,6.092051890005253,67,6.0751549048754345,66,5.549512935321529,36.98418987195756
106430.0,Bukayo Saka,ARS,M,10.5,83,7.461099207135466,84,5.581299928629393,83,6.577959664590415,84,5.565800827481547,85,4.103282329092079,81,7.255474579889995,36.544916536818896
1677501.0,Erling Haaland,MCI,F,14.0,87,5.93246559737103,80,7.980614997876219,77,6.172376980150293,75,6.561787376723085,75,4.234845123705642,74,5.322056031313387,36.20414610713966
23472.0,Son Heung-min,TOT,M,9.5,90,6.540361317367112,86,6.44914002052072,85,5.566348925675053,86,4.283783134609284,84,6.449468187931616,84,5.910779548137984,35.199881134241764
242906.0,Cole Palmer,CHE,M,10.0,87,4.399586206099502,83,5.90827189845496,80,5.750699765755081,80,5.16163142081611,81,5.92469063079038,80,5.830105900775199,32.97498582269123
201990.0,Martin Ødegaard,ARS,M,8.0,90,6.629354920532976,88,5.086051911303524,86,5.741784853495604,87,4.946503498790205,85,3.7516356338440255,84,6.339690091359446,32.49502090932578
160701.0,Bruno Fernandes,MUN,M,8.5,91,6.201716272238527,88,4.937115031111518,87,4.685524036805962,85,5.6651260719457195,85,4.785113968869041,84,5.435337071454992,31.709932452425758
183114.0,Ollie Watkins,AVL,F,9.5,90,5.461825209163799,88,3.7748616272350857,87,5.328385071719887,85,5.212059050848116,86,5.841189569164158,85,5.4205880772401915,31.038908605371233
55898.0,Phil Foden,MCI,M,10.0,80,4.819199535052462,76,6.634445609807009,74,5.138919948477189,72,5.6101880482988316,72,3.7275059826360257,72,4.5434576780470834,30.4737168023186
180321.0,Eberechi Eze,CRY,M,7.0,83,4.5169785397887185,79,5.376492893101895,78,4.029161467021004,75,5.102571998590651,76,4.908815158328851,76,4.119888134957717,28.053908191788842
192208.0,David Raya,ARS,G,6.0,93,5.056308210475863,92,4.35673829799568,91,4.8643762758033,91,4.224612067433016,89,3.983080372937295,89,5.005521469792622,27.490636694437775
230753.0,Dominic Solanke,BOU,F,7.5,91,4.505154513855708,87,4.8549277194995755,86,4.3295763961769635,84,4.584200528869829,82,3.69611704803333,81,5.178593903921879,27.148570110357284
90826.0,Alisson,LIV,G,6.0,93,4.796427296156245,92,4.470231896558103,92,4.308046298682805,92,4.4204610165895195,92,4.477826090557192,92,4.4675891720781,26.940581770621968
161049.0,Jarrod Bowen,WHU,M,8.0,89,5.217718439228966,86,4.437167054133272,84,3.6379350544102405,83,4.533937411674247,82,4.586329200790805,81,4.3975068705734985,26.81059403081103
2200000.0,Alexander Isak,NEW,F,8.5,85,5.756048760947861,82,4.269397010266646,79,4.710000185562533,76,4.357039527984858,76,4.166878401545327,77,3.3614056695221524,26.62076955582938
23161.0,Kevin De Bruyne,MCI,M,9.0,75,4.185577599363835,68,5.484776641529467,66,4.285844245519302,67,4.811707624391648,68,3.3241675312833907,64,3.7746928718261197,25.866766513913763
45084.0,Pascal Groß,BHA,M,7.0,88,4.279963783863765,84,4.778016761637318,84,3.060264725390023,82,5.209255148753223,81,4.41169688905229,81,3.783170150992893,25.522367459689512
24087.0,Nick Pope,NEW,G,5.5,94,4.643244840877826,93,4.2215709612401815,91,4.019717217287779,91,4.294207046620427,91,4.272848501726809,92,4.017754369661232,25.469342937414257
192217.0,Ivan Toney,BRE,F,7.5,91,4.636002806839139,87,3.52635301734933,84,5.149842088068409,84,2.9999769266226775,85,4.019853027665887,83,4.9971853910782755,25.32921325762372
242870.0,Anthony Gordon,NEW,M,8.0,85,5.3713398515239685,84,3.9982430164744,80,4.293448005939379,81,4.252846764591123,79,4.005764520496334,78,3.094157791860469,25.015799950885672
88472.0,Bernd Leno,FUL,G,5.0,94,4.155622265433079,93,4.473710278635008,92,4.504036790606792,92,4.113456692982244,91,3.8342183671141985,92,3.9166693723510675,24.99771376712239
32973.0,Declan Rice,ARS,M,7.0,79,4.674859305491758,84,4.013136117382431,82,4.410707798985069,81,3.8087425176107628,80,3.1139407703283397,79,4.776838791605106,24.798225301403466
3556534.0,Mark Flekken,BRE,G,4.5,94,4.252385276689342,92,4.020521731221359,92,4.456624533849937,91,3.942060448854729,92,3.89727859194573,92,4.1385819655219445,24.70745254808304
3628569.0,André Onana,MUN,G,5.5,93,4.270234710356467,93,4.2394095072069415,92,3.957142791456714,92,4.278292860223888,91,4.018445382316292,91,3.8480076193515744,24.611532870911876
3763426.0,Matz Sels,FOR,G,4.5,93,4.055731437927437,93,4.213658695712753,92,4.240127239151784,91,3.694449736512427,91,4.001463243988133,91,4.127488722827209,24.332919076119744
181081.0,Gabriel Dos Santos,ARS,D,6.0,90,5.258489732965291,86,3.6895605452361027,81,4.441747504845662,81,3.312180212586597,78,2.547005176648586,77,4.877340467042291,24.12632363932453
182529.0,Kai Havertz,ARS,F,8.5,78,5.001124481020477,76,3.8647739978266666,74,4.263079513582615,72,3.6227639363789788,69,2.6982635413074596,70,4.668332818740339,24.11833828885653
28906.0,Trent Alexander-Arnold,LIV,D,6.5,86,4.767568513970873,79,4.438020886432006,72,3.328925764111515,70,3.9744544230573644,70,3.919612268204296,70,3.6526892417004495,24.081271097476506
88531.0,Morgan Gibbs-White,FOR,M,6.5,84,4.327299364006688,83,4.3610464747296085,80,4.555336798288902,78,3.1039737543703585,76,3.4941599302362176,76,4.198741214720283,24.040557536352058
3584409.0,Guglielmo Vicario,TOT,G,5.0,94,4.339651305910695,92,4.148679025560968,92,3.7455804740192593,92,3.60656012343005,91,4.071550527293428,92,4.021243867540624,23.933265323755023
131313.0,Emiliano Martínez,AVL,G,5.0,94,3.8307333783779427,93,3.4393651170092094,92,4.083119889417796,91,3.94782304942631,90,4.052729555479157,90,4.261431958282302,23.615202947992717
23433.0,Jordan Pickford,EVE,G,5.0,94,4.14043314671996,93,3.6240525069930656,92,3.9714145945869026,92,3.6482344911153417,92,4.152650500879057,92,4.027867122241753,23.56465236253608
183126.0,Alphonse Areola,WHU,G,4.5,92,3.9283180627056633,92,4.047270212568661,90,3.9018411797349284,88,4.019522712285007,88,3.717587198683885,87,3.8244867566595646,23.439026122637706
283021.0,Luis Díaz,LIV,M,8.0,67,4.216917957780267,64,4.173433121732613,63,3.6264421510889413,61,3.870038805439527,61,3.8897369877193957,60,3.608172545310452,23.384741569071195
1214404.0,Alejandro Garnacho,MUN,M,7.0,80,4.481153179687572,78,3.6757207158936738,75,3.4495562349027535,74,4.162495953156151,73,3.5170917994437496,72,3.844726597951295,23.130744481035194
132974.0,Rodri,MCI,M,7.0,84,3.5729987942902084,83,4.804963415506862,80,3.8867802807146985,80,4.210279070146057,81,3.156151852605122,79,3.4953349135961957,23.126508326859145
3879516.0,Mads Hermansen,LEI,G,4.5,94,3.851657430174328,92,4.058409515934431,90,3.7698238704867295,90,3.8834287458907895,89,3.925871763553466,89,3.595527664148082,23.084718990187827
231959.0,José Sá,WOL,G,4.5,94,3.75778540770565,92,3.770921890645652,92,3.830050559126717,91,3.7577785630112728,91,3.807065131380101,92,3.9277832741325334,22.851384826001926
23024.0,Alex McCarthy,SOU,G,4.0,93,3.5489279519119505,94,3.7560312307435346,92,3.6664593822426923,92,3.81924236656159,92,4.32474532357983,91,3.689047263964138,22.804453519003737
283020.0,Bruno Guimarães,NEW,M,6.5,90,4.725538570244784,87,3.700341383074721,83,3.8045996677218286,81,3.7670903954600057,82,3.7014424410487385,82,3.028814164873661,22.727826622423738
163914.0,Alexis Mac Allister,LIV,M,6.0,88,4.0133874060169745,86,3.961918348914203,84,3.4899157059250783,83,3.7524632546490464,82,3.7141754962994487,84,3.623679734507202,22.555539946311956
3584407.0,Christopher Nkunku,CHE,M,7.0,70,3.1101088131875763,69,4.083749961535176,67,4.081562622995559,65,3.551501082920557,65,3.9155497850913257,62,3.784546430288136,22.527018696018327
192214.0,Bryan Mbeumo,BRE,M,7.0,77,4.113874220217867,73,3.094229579590315,73,4.596010423305314,70,2.629262515626007,71,3.4317080441498367,70,4.228611305344836,22.093696088234175
131333.0,John McGinn,AVL,M,6.0,88,3.833868493903655,86,2.8264355052207666,83,3.739997714755862,83,3.7610485158804545,81,3.94262867881687,82,3.8879723605422303,21.991951269119838
1783652.0,Kaoru Mitoma,BHA,M,6.5,82,3.7101300684922434,79,4.21651241275548,78,2.6235475086621576,75,4.489206977715911,73,3.7556133936920992,72,3.187179857811567,21.98219021912946
96761.0,Dwight McNeil,EVE,M,6.0,87,3.9107790314343287,84,3.4454855248577165,81,3.76331340001768,80,3.4089150488485696,79,3.72425974779925,79,3.660814310301773,21.91356706325932
1677493.0,William Saliba,ARS,D,6.0,92,4.500164718334338,88,3.236478032288702,87,4.027722752954274,85,2.944296947087946,85,2.4416111613591402,83,4.354386152388278,21.50465976441268
23238.0,Virgil van Dijk,LIV,D,6.0,91,4.032307585621886,88,3.8333397981868313,85,3.014395189433705,83,3.6700481077825664,82,3.563678980372332,82,3.3731109319506376,21.48688059334796
23326.0,Alex Iwobi,FUL,M,5.5,80,3.456574278057471,78,3.990537632138903,75,3.6378962460660293,76,3.8047571940114264,74,3.332264946986632,74,3.1206460255634423,21.342676322823905
57345.0,Chris Wood,FOR,F,6.5,82,3.8642711002699355,78,3.793725230276792,75,3.8910237730094623,75,2.8801451648238388,74,3.1467290604919627,75,3.7372754321094046,21.313169760981395
176641.0,Ben White,ARS,D,6.5,85,4.457644645543224,83,3.1975313386590356,81,3.952352158640504,79,2.883329161866246,78,2.307725750832218,77,4.320815261488323,21.119398317029553
192988.0,Robert Sánchez,CHE,G,5.0,76,3.3529141232164044,75,3.6652608430061004,75,3.67614522412309,72,3.4164468559657832,71,3.3634747668327885,69,3.5142285191263745,20.988470332270538
45081.0,Bernardo Silva,MCI,M,6.5,77,3.1845562063181996,75,4.336220415804243,76,3.59389513403494,75,3.8811756256673733,74,2.783384070606862,74,3.17144253003819,20.95067398246981
23194.0,Marcus Rashford,MUN,M,7.5,71,4.035859848672083,66,3.2274735164605963,66,3.1051557718050193,64,3.6643807638810606,66,3.2428320199119267,64,3.490068612546666,20.76577053327735
3556539.0,Rodrigo Muniz,FUL,F,6.5,70,3.416152283286876,69,3.914963273797307,66,3.534333445224044,64,3.64427181567885,63,3.2489929188114925,62,2.9055086251926774,20.664222361991246
3634364.0,Joško Gvardiol,MCI,D,6.0,75,2.8633708484046907,72,4.62703799480501,70,3.464106876421902,71,3.987424502956476,69,2.7665535362928235,67,2.735617929453148,20.44411168833405
201968.0,Jean-Philippe Mateta,CRY,F,7.5,37,1.5448108894560846,57,3.4914422406858456,73,3.4403614875729627,71,4.250391971423,74,4.20257099495574,72,3.491975296474712,20.421552880568346
2930177.0,Pedro Porro,TOT,D,5.5,90,4.204263149545733,85,4.035740962569227,83,2.6807277590610648,81,2.244330229648353,81,3.921945649650607,82,3.239579470239049,20.326587220714035
257178.0,Hwang Hee-chan,WOL,M,6.5,77,2.6705621495745886,74,3.742415557384608,72,3.4984462225050956,71,3.7294675775670494,71,3.4701798928420216,71,3.2141822859737093,20.325253685847073
3649502.0,Kudus Mohammed,WHU,M,7.0,88,4.014961011083645,81,3.348624814377259,80,2.7351122893311084,79,3.4768202689436225,77,3.3724184164431903,76,3.3146850658455342,20.262621866024357
240547.0,Leon Bailey,AVL,M,7.0,75,3.655280406323263,71,2.461866137431731,70,3.5426789601158126,68,3.4392772919410786,66,3.6862218720342232,64,3.4333653972665243,20.218690065112632
242909.0,Andreas Pereira,FUL,M,6.0,71,3.165856579189577,70,3.7075513224851737,70,3.518299288350861,70,3.695729195171508,69,3.166989928279474,67,2.864151997736683,20.118578311213277
69539.0,Callum Hudson-Odoi,FOR,M,5.5,78,3.666439544988453,73,3.5677183085859516,73,3.780421249175391,71,2.66912573693359,69,2.9469098725711915,68,3.403290445864205,20.03390515811878
140008.0,Martinelli,ARS,M,7.5,56,3.9711454145881535,56,3.1433802154513475,55,3.5240286608248867,54,2.961144813196177,53,2.2886950033875317,53,3.85559915475105,19.743993262199147
23492.0,Abdoulaye Doucouré,EVE,M,6.0,81,3.4846379919129697,78,3.0416325841090885,76,3.3948009227278737,74,3.0126627087304856,74,3.3756528817480755,75,3.341293360506939,19.65068044973543
45120.0,Andrew Robertson,LIV,D,6.0,45,2.002276511637054,67,3.564979672271128,76,3.147611069033051,73,3.747181402688057,73,3.6773352880525234,73,3.4577828835586626,19.59716682724048
230991.0,Brennan Johnson,TOT,M,7.0,65,3.4793388241352723,66,3.51207071969263,68,3.1499079927081097,65,2.428612652130596,64,3.527713490061599,66,3.2944635865577516,19.392107265285958
137863.0,Dean Henderson,CRY,G,4.5,74,3.2209158411317285,73,3.3505807503733105,72,2.868808021615994,72,3.6017911465399233,68,3.1593263093369077,69,3.113469260800018,19.31489132979788
3879519.0,Stephy Mavididi,LEI,M,6.0,78,3.5946891929074587,76,3.318034790044264,74,3.538776062672786,73,3.0685841069271835,71,3.409464591382707,69,2.2622219638993712,19.191770707833772
23404.0,James Ward-Prowse,WHU,M,6.5,77,3.6262096686133183,71,3.1186004936663987,72,2.684026764041578,71,3.2549730978975857,71,3.2168988068775684,72,3.2445748996391934,19.145283730735642
164449.0,João Pedro,BHA,F,6.0,71,3.2625741506060097,69,3.7463324518328065,65,2.217963320286126,64,3.7978552998048376,61,3.125069734117086,61,2.7682885525677055,18.91808350921457
88492.0,James Maddison,TOT,M,7.5,69,3.595442331565039,66,3.4769596877235136,64,2.9163761283613026,65,2.3316176281723857,65,3.52296007701708,62,3.0657729323132217,18.909128785152543
242879.0,Adam Armstrong,SOU,F,6.0,72,3.022895683959764,69,3.2287954784648747,67,2.9164490588975696,66,3.316694938533089,65,3.548334267380087,65,2.821290843534616,18.85446027077
2930183.0,Enzo Fernández,CHE,M,5.5,83,2.6212559070499575,84,3.379483682936377,81,3.351840608115815,79,3.000159026404065,80,3.288971739260809,78,3.1740089562864955,18.815719920053517
186737.0,Rúben Dias,MCI,D,6.0,71,2.545183267054842,71,4.152636030667668,70,3.185122984466648,68,3.537594113436365,68,2.6163404340682455,65,2.4651105244964198,18.501987354190188
3627793.0,Matheus Cunha,WOL,F,7.0,78,2.4495247543643917,74,3.371357447653986,73,3.166128475375695,72,3.407041483406837,71,3.1548653205591015,70,2.9047499356598045,18.453667417019815
3590554.0,Nicolas Jackson,CHE,F,8.0,60,2.490562284929214,61,3.3002595403384456,59,3.2646101548130266,58,2.91096369583688,58,3.2120605353685017,59,3.2264579565005085,18.404914167786576
3893796.0,Mats Wieffer,BHA,M,4.5,81,3.155724069047492,78,3.3582761031876407,76,2.35481696795642,74,3.6117148487011947,75,3.1675913634470754,74,2.712465883975788,18.360589236315608
2170280.0,Casemiro,MUN,M,5.5,83,3.4717179636308795,81,2.9525819019598902,79,2.735559195309844,78,3.2935387286953905,76,2.8956405922967634,73,2.8576237538998703,18.206662135792637
3879579.0,Omari Hutchinson,IPS,M,5.5,79,2.9546342335334472,79,2.3595806443605554,75,3.436560028707721,75,2.854012646388971,74,3.2748027984120958,74,3.280605226972977,18.160195578375767
230737.0,Mark Travers,BOU,G,4.0,63,3.031078003717836,62,2.940319624704959,61,3.0443288407188844,61,2.881751608881786,59,2.8865504052230997,60,3.3044593718021957,18.08848785504876
255546.0,James Garner,EVE,M,5.0,82,3.13041594997597,80,2.807560979988568,79,3.1035699411290487,76,2.783459188186029,75,3.0625926113004014,78,3.0814040021504208,17.969002672730436
3762913.0,Morgan Rogers,AVL,M,5.0,74,3.1395028230483932,73,2.2486079704187,71,3.1241030014979336,69,3.0379727579304934,68,3.247457605009997,68,3.1633350888741503,17.960979246779665
3762190.0,Daniel Muñoz,CRY,D,4.5,88,2.882569588835665,85,3.5007616755538837,81,1.9793042715524958,80,3.7322357279647007,78,3.046539654702904,78,2.7307679499407533,17.872178868550403
219749.0,Anthony Elanga,FOR,M,6.0,62,3.084593335624937,62,3.1676366221028043,60,3.2603906822731044,61,2.411131487142612,60,2.682402249469264,59,3.0678899512185986,17.67404432783132
3879566.0,Conor Chaplin,IPS,M,6.0,80,2.935702627776637,75,2.18433380754048,74,3.420943737538252,72,2.709653693857044,72,3.1963526598915086,71,3.1554106194038964,17.602397146007817
91161.0,Fabian Schär,NEW,D,6.0,90,4.181155291596877,87,2.722315757891718,86,2.75820182180104,84,3.1379905222264792,84,2.9077857756586782,82,1.8598133664039054,17.567262535578696
40266.0,Dominic Calvert-Lewin,EVE,F,6.0,68,3.26026266173336,63,2.826172039219661,61,3.0501854784390314,59,2.698056593943507,58,2.875520303433422,55,2.6921693700674547,17.402366446836435
2930166.0,Antoine Semenyo,BOU,M,6.0,67,2.9206247539375214,65,3.0807280843782863,63,2.795230445667145,62,2.8666527085420186,60,2.287507618887753,60,3.410218256946231,17.360961868358956
3556529.0,Iyenoma Udogie,TOT,D,5.0,86,3.6047272134051394,83,3.535304288765648,82,2.2348146072910398,80,1.900438078739886,78,3.371966985958048,76,2.676001064997409,17.32325223915717
1677500.0,Darwin Núñez,LIV,F,8.0,46,2.670404893775734,47,2.871721534045728,47,2.499501765203098,48,3.031801790171839,50,3.2493631474085904,49,2.9610675499733317,17.28386068057832
160700.0,Tomáš Souček,WHU,M,5.5,79,3.288170483513744,72,2.858812195941726,70,2.3832836858615116,69,2.8853430826869473,69,2.7963574013179455,69,2.8386859659998196,17.050652815321694
23260.0,Kyle Walker,MCI,D,6.0,66,2.3650261784828706,63,3.6895851324762168,64,2.909305678248875,62,3.211506548295241,63,2.428289713801491,61,2.296489445049729,16.900202696354423
187804.0,Joachim Andersen,CRY,D,4.5,92,2.6522815586916866,89,3.19555588761803,87,1.7447794581257652,87,3.574183456946008,87,2.883864618547886,86,2.66341544617562,16.714080426104996
23287.0,James Tarkowski,EVE,D,4.5,89,3.0817754733861165,88,1.9841063055101351,86,3.0717530602719822,85,2.228075260809911,84,3.21602051980048,82,3.0959229926604044,16.67765361243903
45008.0,Lewis Dunk,BHA,D,4.5,91,2.8894721506912537,89,3.185933526527708,88,1.4426506579083451,86,4.052834553429056,84,3.1502390782851917,84,1.8870225137131076,16.608152480554665
3879498.0,Daichi Kamada,CRY,M,5.5,62,2.7228585063752266,60,2.982043749117779,60,2.4399615095013756,59,3.0235301349612485,60,2.865233941372069,58,2.545679650491411,16.579307491819108
23550.0,Michail Antonio,WHU,F,6.0,68,3.1907213363420235,65,2.720542587429995,65,2.2760423666909904,63,2.8026014865880224,62,2.780356263165776,63,2.767393122704742,16.53765716292155
258290.0,Ryan Christie,BOU,M,5.0,77,2.8249629570470045,75,2.863127331049589,72,2.727731080301928,71,2.675208953807177,71,2.313914785706677,68,3.108683833721814,16.513628941634188
3584408.0,Justin Kluivert,BOU,M,6.0,66,2.7652924701753707,64,2.9247863302565436,64,2.716231809262868,60,2.675832467479462,55,2.0069301593932587,57,3.1517814834889895,16.240854720056493
241952.0,Cristian Romero,TOT,D,5.0,91,3.4352637110419875,88,3.40576256463301,84,1.936412007358783,84,1.7408009071791248,82,3.182540311681728,82,2.516700264312572,16.217479766207205
25871.0,Harry Winks,LEI,M,4.5,90,2.7653405732285514,86,2.812495732751998,84,2.7183609789451464,83,2.6533730632574537,83,2.860681163703114,82,2.286940302159537,16.0971918140458
3763100.0,Adam Wharton,CRY,M,5.0,82,2.747113259546886,76,2.855317999519957,76,2.368231930913552,74,2.894834266381093,75,2.718668068294911,71,2.478973436408089,16.06313896106449
274827.0,Vitaliy Mykolenko,EVE,D,4.5,88,3.0089265715706106,86,1.982807928410072,84,2.933512974229499,82,2.178357638342433,81,3.0240284953902954,79,2.9174543165206277,16.045087924463537
230747.0,Lewis Cook,BOU,M,5.0,87,2.785814148852424,85,2.7212524506234943,81,2.7033822071921723,81,2.5784355995317503,79,2.2909645370092027,77,2.9369838707104226,16.016832813919464
23346.0,Nathan Aké,MCI,D,6.0,52,2.16361622755768,51,3.403890844958439,52,2.694118259832965,54,3.1680533743129935,51,2.172816530670868,54,2.302350262589397,15.904845499922342
88567.0,Diogo Jota,LIV,M,7.5,45,2.4918942279048135,46,2.648626196550026,48,2.7139376388772014,48,2.9804587689133806,47,2.671551240581785,46,2.3938832528192715,15.90035132564648
2258875.0,Manuel Akanji,MCI,D,6.0,54,2.13783527050451,55,3.506355252901687,54,2.676344555518798,53,2.973209737513849,55,2.2663591462230257,55,2.227907825911683,15.788011788573552
110910.0,Youri Tielemans,AVL,M,5.5,65,2.8635164466955185,61,2.003655142035635,62,2.7314407392431916,58,2.6631182698852744,57,2.797588209972512,57,2.6915667659379547,15.750885573770086
231961.0,Marc Guéhi,CRY,D,4.5,91,2.5109453890964852,89,3.006861572240969,86,1.67701258955628,85,3.3220305304897018,85,2.689214133544261,85,2.5155053622706824,15.721569577198379
88556.0,Willy Boly,FOR,D,4.5,85,2.962903395849087,81,3.026729154656416,77,3.197544951875863,75,1.3566351098606808,75,2.2732671288854616,73,2.8984393521012546,15.715519093228764
134708.0,Ezri Konsa,AVL,D,5.0,90,2.447881462557709,88,1.5580347742553138,87,2.8355800691818955,86,2.830170105284051,84,3.011291694498731,83,2.9860243763485275,15.668982482126228
3590555.0,Dominik Szoboszlai,LIV,M,6.0,52,2.8047358440221966,51,2.7774503336193432,49,2.363177782269183,52,2.75965097022331,49,2.574189645403116,48,2.3628354044905184,15.642039980027667
3651901.0,Murillo,FOR,D,4.5,90,2.8852025791939493,88,3.008290921092234,85,3.215409796067932,83,1.2919586590027103,82,2.2596100418687235,83,2.9763622560131933,15.636834253238744
192201.0,Christian Nørgaard,BRE,M,5.0,77,2.8923243421550153,75,2.294757195493526,72,3.084468089564252,71,2.066859000036083,70,2.3875043121329393,69,2.8623173569520195,15.588230296333837
3879520.0,Abdul Fatawu Issahaku,LEI,M,6.0,72,2.875753668725211,69,2.6766686508774,67,2.8001439928190335,67,2.4967482133192234,67,2.82592868817572,65,1.8857919923787179,15.561035206295305
225319.0,Ibrahima Konaté,LIV,D,5.5,66,3.0362907407767805,63,2.812613253949337,59,2.1644073843506653,57,2.5979199660634165,58,2.5656953765328527,56,2.3814170446378915,15.558343766310944
182119.0,Timothy Castagne,FUL,D,4.5,78,2.2557327529138345,76,3.2426651823873973,73,2.9602420110260166,74,2.815942025981372,70,2.0236657574295367,69,2.1973905504676736,15.495638280205831
1954998.0,Marcus Tavernier,BOU,M,5.5,62,2.6465145786862907,60,2.7542279321587015,59,2.5456489894550396,57,2.5552508399989997,56,2.090308809831642,53,2.894656082297044,15.486607232427719
95817.0,Sean Longstaff,NEW,M,5.5,74,3.666561445625132,75,3.0125489353483537,52,2.335894518814147,51,2.3252502381672593,52,2.3008508068703635,50,1.7999235715050663,15.441029516330321
291491.0,Dejan Kulusevski,TOT,M,7.0,54,2.8917837982078862,51,2.7109472968977326,51,2.366473720865915,51,1.9267554160113334,52,2.8445604309665042,53,2.6472753750513447,15.387796038000717
174861.0,Tyrick Mitchell,CRY,D,4.5,85,2.448051024365749,83,2.930116793274171,82,1.659373387256216,82,3.2952210845562973,79,2.6131202441832255,79,2.440582632074982,15.38646516571064
3879514.0,William Smallbone,SOU,M,5.5,73,2.3259774891967946,71,2.612128983421341,70,2.4223378887814833,70,2.650715820057279,68,2.93889218755647,70,2.353318273970593,15.30337064298396
156926.0,Neco Williams,FOR,D,4.5,86,2.8367890179157826,81,2.889219961272542,80,3.1305915888945077,79,1.272129570052507,79,2.212143166104143,78,2.90258970859461,15.243463012834091
231153.0,Antonee Robinson,FUL,D,4.5,81,2.2149314931478328,78,3.2253612537475274,75,2.9645995413669897,72,2.6924205048210452,73,1.9761708853802877,71,2.166554127462519,15.240037805926201
2859301.0,Mario Lemina,WOL,M,5.0,89,2.319797989304935,84,2.6589502032009844,83,2.71969838943481,81,2.6614897801596937,78,2.524563247178386,77,2.327454376157724,15.211953985436534
3893803.0,Liam Delap,IPS,F,5.5,49,2.0828801566521284,55,1.924303741130612,57,2.957803408784329,56,2.425871219667383,59,2.9294061649347203,57,2.872557342171734,15.192822033340907
2930172.0,Saša Lukić,FUL,M,4.5,80,2.4918803667944394,77,2.80271021432972,74,2.6791065286653346,73,2.603211569234667,73,2.286192059586429,73,2.2899729747810924,15.153073713391683
88449.0,Issa Diop,FUL,D,4.5,91,2.122697912425969,88,3.177499428662765,86,2.964432012651981,86,2.710519550957963,84,1.888870057139624,84,2.192910119949484,15.056929081787787
3879568.0,Wes Burns,IPS,M,5.0,73,2.5122640134589287,69,1.9398309388069537,67,2.903279428120861,65,2.3276014345601492,65,2.7185631998682065,62,2.582393563889536,14.983932578704636
3628750.0,Ola Aina,FOR,D,4.5,85,2.7447254547721873,83,2.8581602602035168,80,3.0483278505547093,78,1.2449208424225175,77,2.1478571710867316,77,2.7984363402773984,14.84242791931706
92423.0,Dan Burn,NEW,D,5.5,81,3.5300325415538305,78,2.331172294753296,77,2.307043605142363,74,2.6574256339249707,72,2.424048484859256,72,1.591288357651984,14.8410109178857
2268238.0,Idrissa Gana Gueye,EVE,M,4.5,75,2.5447687617301855,73,2.2640362684969273,72,2.5336739547950944,72,2.31699783377442,72,2.6189355080432413,71,2.5135397792740957,14.791952106113964
192210.0,Mathias Jensen,BRE,M,5.5,68,2.7194761530208464,67,2.166569531135518,64,2.9257946141956332,62,1.8773071663735748,62,2.250305543215788,62,2.720951370815206,14.660404378756565
230744.0,Jefferson Lerma,CRY,M,4.5,68,2.433525816643993,66,2.6125036882270964,66,2.1482065234585863,65,2.6692966768971598,64,2.4455189560880943,63,2.3092281307870475,14.618279792101978
2209114.0,Jan Paul van Hecke,BHA,D,4.5,90,2.603479988690698,88,2.790339429228509,85,1.2685915144182007,83,3.572426331091511,82,2.7953076344501238,81,1.5881172294042152,14.61826212728326
3879576.0,Sam Morsy,IPS,M,5.0,90,2.2886041770952774,88,2.0900756882142195,87,2.7900753182909495,86,2.343665964856243,84,2.642527895466848,83,2.4330826459071204,14.588031689830657
45113.0,Ederson,MCI,G,6.0,75,3.403966900920995,61,3.800380436270027,45,1.8901108765780679,43,1.8450409187675847,46,1.7824511362981228,45,1.7528430577513674,14.474793326586164
23097.0,Jamie Vardy,LEI,F,6.0,57,2.6791073174093114,56,2.4594906991893435,57,2.671851568098756,55,2.251153448175627,57,2.694122273723869,54,1.7131355401467632,14.46886084674367
3647914.0,Jeremy Doku,MCI,M,6.5,52,2.539411732070652,50,3.411523355834223,48,2.5926333237984647,47,2.520951633870354,45,1.5212037361317767,45,1.872942643980055,14.458666425685527
2871381.0,Danilo,FOR,M,4.5,67,2.5158557905788097,66,2.5789468519967307,65,2.6402009618022815,62,1.9282803679292908,64,2.224482005389867,64,2.5397436970543823,14.427509674751361
2853885.0,Carlos Alcaraz,SOU,M,4.5,64,2.1899761712987975,63,2.4794539972876275,62,2.2942457003539496,60,2.4474857186718215,61,2.8160599814471956,60,2.169639957069751,14.396861526129143
230736.0,Lloyd Kelly,NEW,D,5.0,82,3.3856554833759214,80,2.2435037316953514,79,2.193394361025944,77,2.5919955609911915,78,2.42645953822627,76,1.538144260301947,14.379152935616624
278659.0,Kieran Trippier,NEW,D,6.0,73,3.84907321572657,63,2.351133065684453,53,2.1276213308923206,54,2.424681827421449,52,2.1744348482106943,51,1.4409338020760474,14.367878090011535
3629982.0,Calvin Bassey,FUL,D,4.5,89,2.0107848687595036,86,3.0439176732599944,84,2.852049586991644,83,2.5664100079861822,82,1.7705716404925749,83,2.101269127023429,14.345002904513327
192211.0,Vitaly Janelt,BRE,M,5.0,71,2.617977070235112,69,2.1016798830003833,70,2.874461444891418,66,1.9189043059097404,66,2.2100999792420697,64,2.5698816867643255,14.29300437004305
3628155.0,Milos Kerkez,BOU,D,4.5,78,2.503925577217814,77,2.3466473790847506,74,2.5043918880576514,72,2.1622120944250933,71,1.3782758022279973,72,3.3309950007479987,14.226447741761307
1803645.0,Joe Aribo,SOU,M,4.5,72,2.1650949782296864,71,2.457782745422091,69,2.267007755613306,68,2.4265074977317154,68,2.7614068631033524,66,2.128200301269432,14.206000141369584
2818755.0,Cody Gakpo,LIV,F,7.0,43,2.14021543515873,46,2.4241800890921774,48,2.501385220695238,47,2.4166878213799166,46,2.348975892346815,47,2.2916763488755323,14.123120807548409
3643150.0,Wataru Endo,LIV,M,5.0,68,2.607792040193951,66,2.470569595779198,64,2.214086534110464,62,2.310190940741493,61,2.260738692307937,60,2.1932036849385677,14.056581488071611
3715024.0,Kobbie Mainoo,MUN,M,5.5,77,2.650195650232548,74,2.28259322523676,72,2.0822268675733353,72,2.5229156479009562,71,2.271822513523054,69,2.211585163851701,14.021339068318355
242875.0,Jarrad Branthwaite,EVE,D,5.0,88,2.6016585794518385,86,1.5885653772546515,83,2.5498822416086795,82,1.8121672861454612,81,2.708807792894828,79,2.5984307919647796,13.859512069320239
203010.0,Moisés Caicedo,CHE,M,5.5,78,2.012806889011085,75,2.4010347680663817,76,2.4515977587198075,74,2.2457223948702483,76,2.431520831599076,74,2.312693410945037,13.855376053211636
192197.0,Ethan Pinnock,BRE,D,4.5,76,2.9473266348919482,75,1.4571694650566802,71,3.30025554438455,71,1.2716514723586916,72,1.8630519879117053,71,2.94309074477732,13.782545849380895
231160.0,Harrison Reed,FUL,M,4.5,69,2.218280102878326,66,2.472470746076531,64,2.3784389073331105,66,2.3859275217610008,66,2.0991640269391625,62,2.0121565055441297,13.56643781053226
33589.0,Wilfred Ndidi,LEI,M,5.0,75,2.450790363065755,72,2.378460033745568,69,2.378887947787542,67,2.1503766133137376,66,2.3778697986604547,66,1.6908385881469663,13.427223344720023
2018115.0,Marcos Senesi,BOU,D,5.0,87,2.3709522092088147,86,2.1277558889745065,83,2.465247613573017,79,1.9279320850519408,80,1.0958560850795684,79,3.2709439705322314,13.25868785242008
3638005.0,Micky van de Ven,TOT,D,5.0,88,2.805372769806892,86,2.7957977725707344,83,1.5088789571880021,82,1.496853903256481,81,2.594379749670508,80,2.0213770469744863,13.222660199467104
2930170.0,João Gomes,WOL,M,4.5,88,2.01722183374671,85,2.274539706578513,83,2.3687910605097033,82,2.2867757561315103,81,2.229011160644327,80,2.0405840447375305,13.216923562348294
132424.0,Leandro Trossard,ARS,M,7.5,42,2.5451575714367136,44,2.054369560244482,43,2.3168994154159748,43,1.9357051908746128,44,1.4701198412308347,44,2.764833681712599,13.087085260915217
257179.0,Marc Cucurella,CHE,D,5.0,74,1.465213234859589,73,2.4977649420850137,69,2.5871090518128828,67,2.006695443138358,65,2.1897951478744204,64,2.317368166095014,13.063945985865278
23379.0,Ben Mee,BRE,D,4.5,75,2.811413621336745,71,1.3210954924683387,71,3.1829448972054863,72,1.194857548797345,70,1.7266102217038504,68,2.7498059023866834,12.986727683898447
184630.0,Conor Gallagher,CHE,M,6.5,57,2.083067022620641,55,2.5507461843386725,49,2.274072522685985,49,2.0785519980065597,48,2.154008521552474,47,1.7789236498975471,12.91936989910188
192195.0,Rico Henry,BRE,D,4.0,80,2.8154858259745015,78,1.2734682001344493,75,3.1906788529966956,75,1.1231051040882074,75,1.687849760280212,73,2.7829586090577787,12.873546352531845
2930173.0,Illia Zabarnyi,BOU,D,4.5,91,2.3350122928727695,88,1.9971573938124796,86,2.3684692978726205,84,1.8791473440386426,85,1.1535080481026894,85,3.108824733402133,12.842119110101336
3893805.0,Joshua Zirkzee,MUN,F,6.5,50,2.4904832558432335,50,2.156177584832199,50,2.09488993121278,49,2.4179999329161426,47,1.7422466763563693,47,1.9162585188893406,12.818055900050066
234793.0,Harry Wilson,FUL,M,5.5,50,2.230347459144803,47,2.181092784201403,47,2.04725763286744,47,2.1203084257071962,48,2.129740043516293,48,1.997335996396661,12.706082341833795
3627877.0,Pau Torres,AVL,D,5.0,60,1.9894831733880733,60,1.3506289694998421,61,2.337235488751073,57,2.2210875373431356,57,2.3939016474382866,56,2.3467984194981266,12.639135235918536
197282.0,Jason Steele,BHA,G,4.5,81,3.5952455544950004,79,3.6500717427891396,58,2.4610633564694666,27,1.0855823568505358,25,0.8773474978365053,28,0.9659403977413217,12.63525090618197
3879562.0,George Hirst,IPS,F,5.0,57,2.1883736074336455,53,1.664757143503854,52,2.3935725396862786,50,1.9204650436989656,49,2.1467268554055994,52,2.3166726771229262,12.630567866851269
1783664.0,Pape Matar Sarr,TOT,M,5.0,59,2.324705690518743,59,2.3244802734904395,59,1.9667173694612847,60,1.7115806480062703,56,2.2324084452775588,55,2.0158598911377448,12.57575231789204
23044.0,John Stones,MCI,D,6.0,48,1.7704440242877857,47,2.394453692688398,48,2.231434790437446,50,2.7238759033841164,47,1.453214688760487,50,1.9683776702180853,12.541800769776321
3879565.0,Leif Davis,IPS,D,5.0,85,1.657298310656922,84,0.8530738145740488,83,2.955635759497027,80,1.9893254230602444,80,2.672215564385483,77,2.336095028884309,12.463643901058035
1818085.0,Lisandro Martínez,MUN,D,5.0,83,2.6882840723340498,79,1.9523686347072613,79,1.3756772296656001,76,2.515473179821797,76,2.0624670175401616,75,1.7865152426204554,12.380785376689325
1677502.0,Julián Álvarez,MCI,F,7.5,20,0.8696695590653856,34,2.1890203218992563,47,2.5399921056033095,47,2.811824616952171,45,1.6821429310014024,46,2.2212807695892924,12.313930304110817
1908560.0,Chris Richards,CRY,D,4.5,53,1.8525172837117645,57,2.356986688187368,55,1.3935506512604283,56,2.6077140577161595,55,2.117060262200297,55,1.9783650307102394,12.306193973786257
23188.0,Luke Shaw,MUN,D,5.5,81,2.723692233016158,77,1.9394687912214006,74,1.3642380479789966,72,2.4834429312038666,71,2.006129306553709,71,1.7817262219210328,12.298697531895165
1758327.0,Stefan Ortega,MCI,G,5.5,20,0.7656384784064298,34,1.5651983608745461,48,2.5911425279490095,50,2.950201092948885,47,1.9759389556795022,48,2.4020458057441187,12.25016522160249
23076.0,Harry Maguire,MUN,D,5.0,77,2.6712161687289058,75,1.970526323039133,69,1.3682688156676104,70,2.482401320666457,67,1.9839083517482183,65,1.7331593358423834,12.209480315692707
1803646.0,Aaron Hickey,BRE,D,4.0,83,2.75398415261063,79,1.1217480878946358,76,3.124447834357086,74,0.9737839949783358,73,1.5253717135937153,73,2.6984725356024835,12.197808319036886
242908.0,Diogo Dalot,MUN,D,5.5,65,2.5426254603821876,63,1.9350349344794457,62,1.460813262668791,59,2.3521879744669376,61,1.9970073261086851,61,1.8409245722713792,12.128593530377428
181873.0,Matty Cash,AVL,D,5.0,52,1.9429099699586492,51,1.2165691701920145,49,2.0473741520634516,52,2.217682306473071,51,2.3559889946223795,51,2.337069917247953,12.117594510557518
90433.0,Yves Bissouma,TOT,M,4.5,71,2.274949172884133,68,2.217264207153878,67,1.8285418742879527,66,1.650907059997245,64,2.0891692654347853,66,1.9847760970013715,12.045607676759367
3634178.0,Axel Disasi,CHE,D,5.0,62,1.4247418913755565,60,2.256080964479675,58,2.3402969888085066,57,1.8652222332269013,54,1.9467652614543776,52,2.02272187496149,11.855829214306508
3634387.0,Rasmus Højlund,MUN,F,7.0,46,2.1625896474690864,46,1.8188051119325845,45,1.6982513781444852,44,2.021260038792921,47,1.9181750307703016,47,2.15658255611004,11.77566376321942
3879571.0,Massimo Luongo,IPS,M,4.5,78,1.855467356712236,74,1.6243904620151917,73,2.2606725909148504,71,1.8493122432369447,71,2.146631169056068,71,1.988539263020229,11.72501308495552
3638504.0,Edson Álvarez,WHU,M,4.5,35,0.6703256445713539,73,2.115014003014898,83,1.9533852593799195,83,2.435625541178677,83,2.1659454244815843,79,2.275279358488534,11.615575231114967
23000.0,Kurt Zouma,WHU,D,4.5,76,2.237521287815105,71,2.1153134352255,68,1.3268048606560772,68,2.1288220126341497,64,1.7139884804204797,65,1.9871309613990646,11.509581038150374
137599.0,Joelinton,NEW,M,5.5,62,3.2107835062569987,59,2.4082510541689004,43,1.4983020747257627,46,1.6853405567079087,44,1.5155656169841552,45,1.151877400226156,11.47012020906988
88564.0,Ricardo Pereira,LEI,D,4.5,80,1.9677524304453327,75,2.0691076879589905,74,2.1255683529969476,73,1.9181312423395829,72,2.522245907551291,70,0.844464851788195,11.44727047308034
3627935.0,Ashley Young,EVE,D,4.5,56,2.085370164321903,55,1.3934022824426953,56,2.1099381595366147,56,1.5919402644251608,52,2.0937769816837033,54,2.1212328404957765,11.395660692905855
3879510.0,Taylor Harwood-Bellis,SOU,D,4.5,79,1.0992736410111048,77,2.212073142482357,73,1.6905633387657037,72,2.0018180218734853,71,2.777507143576363,72,1.5889646815666252,11.370199969275639
45474.0,Richarlison,TOT,F,7.5,44,2.079769720089725,46,2.1835625925604947,44,1.8279003250860169,44,1.332537554697928,42,2.0328970464451084,42,1.843455870361316,11.30012310924059
186817.0,Vladimír Coufal,WHU,D,4.5,85,2.122772967026833,83,2.091568513636285,81,1.2175278854577611,78,2.124613225412718,79,1.6797154067936018,78,2.010247543661068,11.246445541988267
2263801.0,Wout Faes,LEI,D,4.5,90,1.8245600234166337,86,2.02815302418187,85,2.036919783128539,84,1.913537621235268,84,2.5320958117136727,82,0.8235496652549008,11.158815928930885
2193866.0,Emerson Palmieri,WHU,D,4.5,82,2.089214521058277,79,2.0368083664220653,78,1.1892259738276034,76,2.1081137421677822,75,1.6432883616292533,74,1.962297716258508,11.02894868136349
185623.0,Jacob Murphy,NEW,M,5.5,46,2.335029519291091,46,1.7634047303962062,46,1.9502821618109303,45,1.8679591140924208,46,1.8411838670050142,43,1.2631118313277079,11.02097122392337
3879598.0,Ben Johnson,IPS,D,4.5,72,1.4633654241889562,69,0.7810657583044129,68,2.535268031330525,66,1.7335725071680292,68,2.355691515951659,67,2.078048801414159,10.947012038357741
46637.0,Kyle Walker-Peters,SOU,D,4.5,59,1.1426617638605612,57,1.953204152822117,59,1.6215348537682777,57,1.8633382239564258,57,2.488423077584445,57,1.517777142933391,10.586939214925216
3591232.0,Sandro Tonali,NEW,M,5.0,0,0.0,0,0.0,68,2.755981085217995,68,2.810163962977386,67,2.700156669558936,67,2.1880579872335653,10.454359704987882
3893804.0,Yukinari Sugawara,SOU,D,4.5,54,1.0226359480566143,58,1.9710261119626677,57,1.5623478504425765,58,1.882198528385241,56,2.4990041410088124,57,1.4809187990057187,10.41813137886163
225294.0,Patson Daka,LEI,F,5.5,44,1.8433567087776852,47,1.8853911929088878,45,1.9593804797379903,45,1.631721168828665,45,1.893848522931827,46,1.2012079991724982,10.414906072357551
3556528.0,Malo Gusto,CHE,D,5.5,81,1.7760945862507933,79,2.9322055650442924,75,3.029495116872394,33,0.7992732060244394,32,0.8846180646809573,33,0.9540125014992336,10.37569904037211
257274.0,Odsonne Édouard,CRY,F,5.5,59,2.6173675505149547,47,2.147393988557564,38,1.2316091897217507,37,1.5917452757600365,37,1.4884736515657144,38,1.2880074801072392,10.36459713622726
187323.0,Rayan Aït Nouri,WOL,D,4.5,78,1.0362667677128463,76,1.8957786224749515,75,2.1920860189768434,69,1.8888897132171247,68,1.7503408620064242,65,1.3898947020297496,10.153256686417942
234803.0,Nathan Collins,BRE,D,4.5,57,2.1587281643189637,57,1.0579264261515733,56,2.4658604892150167,55,0.9545620803944967,55,1.3428948316879668,55,2.1564539266171656,10.136425918385182
3591888.0,Bart Verbruggen,BHA,G,4.5,0,0.0,0,0.0,24,0.7917859295502656,64,3.5266631960974237,66,3.1357205656329867,61,2.6539842347921523,10.108153926072827
230742.0,Adam Smith,BOU,D,4.5,68,1.8839212418118858,63,1.5728764054978326,61,1.8626256127807534,62,1.4914095213417586,63,0.930571282951664,58,2.3420232399286,10.083427304312494
1712439.0,Armel Bella Kotchap,SOU,D,4.5,58,1.0347950460870452,57,1.9018345893636315,55,1.4845840052201542,55,1.7587763025190954,55,2.411326537514275,54,1.3859802161527564,9.977296696856957
230985.0,Ryan Yates,FOR,M,4.5,49,1.8143567394190674,49,1.890127759177212,49,1.9458706655672888,50,1.5268477915761622,47,1.285689786644037,47,1.5024300503542993,9.965322792738066
291492.0,Rodrigo Bentancur,TOT,M,4.5,48,1.8896744412265247,48,1.890229577968713,47,1.3014387637413583,48,1.3343359198842972,50,2.0456325088956144,47,1.4452930891779807,9.906604300894488
32986.0,Gabriel Jesus,ARS,F,7.5,35,1.8946490707219525,34,1.3877368237779555,37,1.7520117343932795,39,1.5687622640373533,39,1.1297443354608325,38,2.12748717659162,9.860391404982993
106466.0,Max Kilman,WHU,D,4.5,65,1.8010867477045027,63,1.7873397715365769,65,1.1149329817242832,64,1.8816548043756045,65,1.5006490658974725,63,1.7688226741080029,9.854486045346443
200376.0,Elliot Anderson,FOR,M,4.5,42,1.4249391443941755,43,1.537019577391311,46,1.8013266264957057,45,1.2016573278014566,47,1.5372646131892322,48,2.1299850225580603,9.632192311829941
3893793.0,Iliman Ndiaye,EVE,F,5.5,37,1.3834382503721507,41,1.425543428662556,43,1.7044558625997526,43,1.560756577993317,43,1.7194691924980479,44,1.7279094191869189,9.521572731312743
3629422.0,Ian Maatsen,AVL,D,5.0,53,1.8607366763962823,49,1.0972668908433898,47,1.4967408411461662,46,1.4056607498992515,49,2.103131180401844,46,1.5358261972897076,9.49936253597664
3584334.0,Charlie Taylor,SOU,D,4.0,56,0.9915389463765902,54,1.7870678604384476,53,1.413509189253959,54,1.7030376413223682,52,2.2534910503370673,51,1.284012502575704,9.432657190304136
23127.0,Adam Lallana,SOU,M,4.5,40,1.2467534395190438,43,1.6257583714329464,42,1.4222729447889724,43,1.7227524656519781,44,2.0364534116702866,42,1.3707237742493217,9.42471440731255
2235927.0,Lucas Paquetá,WHU,M,6.0,60,2.799195013685756,48,1.9661686073589517,39,0.9543171699982882,36,1.2541598188680536,37,1.2413283475095158,36,1.2084167889218416,9.423585746342408
131338.0,Jack Grealish,MCI,M,7.0,36,1.3073393892763987,39,2.166497272400027,36,1.543625153227388,36,1.7246313223373013,39,1.1933223447369923,39,1.4836231270152869,9.419038608993393
45039.0,Harvey Barnes,NEW,M,7.0,39,2.070942345690456,39,1.5156882443464255,37,1.6098383737666626,37,1.584186430846341,36,1.454389717624871,36,1.0735365153276835,9.30858162760244
1783667.0,Luis Sinisterra,BOU,M,5.0,39,1.4683072709442304,41,1.7357900871889058,40,1.5120641136139046,38,1.5272531463082673,37,1.148623023434169,36,1.8199628967127008,9.212000538202178
2871382.0,Pablo Sarabia,WOL,M,6.0,45,1.095600876204619,46,1.7770308027101662,44,1.6009281000377595,42,1.6210716789813961,44,1.6106950977760635,43,1.4026787792465663,9.108005334956571
3809321.0,Valentín Barco,BHA,D,4.5,55,2.1862554133340035,55,2.456140357213615,54,1.1955908771770198,42,1.7959767819100154,29,0.9108605632539052,25,0.48638594011284025,9.0312099330014
231161.0,Tom Cairney,FUL,M,5.0,41,1.126894946939223,45,1.5410035201318655,47,1.633163131383733,46,1.5480344962927248,46,1.3395710321164005,50,1.8098360976490004,8.998503224512946
2840078.0,Benoît Badiashile,CHE,D,5.0,52,1.228038540993714,49,1.817475422249053,50,1.9907517333846503,48,1.4835624873985265,45,1.1457963904698094,46,1.288639334361038,8.95426390885679
2018116.0,Amadou Onana,AVL,M,4.5,57,2.2524184434467034,57,1.8133243593579973,53,2.1743554626352566,39,1.1213536672459208,27,0.7853677430280188,23,0.6741208209498498,8.820940496663749
1727418.0,Simon Adingra,BHA,M,6.0,47,1.870099660036757,47,2.2147293208309846,43,1.0970007855418111,35,1.717733409402876,28,1.1180528465901782,24,0.7876041042374727,8.80522012664008
231165.0,Bobby Reid,LEI,M,5.5,40,1.5224276389885298,41,1.4650904879087006,42,1.6815962457690439,41,1.3762893709763084,43,1.7170929553283947,43,1.0143966830489102,8.776893382019887
280711.0,Toti Gomes,WOL,D,4.5,89,0.8502925469774202,87,1.5597647499582612,84,1.9766434839360436,82,1.6143741178684337,82,1.5270163702642991,81,1.1653528420009482,8.693444111005405
3893801.0,Jacob Greaves,IPS,D,4.5,65,1.0678349400197173,63,0.5728348061863184,63,2.0744245819141987,63,1.4202913047512815,64,1.9497831500336826,60,1.583041745902786,8.668210528807984
45003.0,Jan Bednarek,SOU,D,4.5,59,0.7421846128874514,60,1.6652324120783133,62,1.3303371347822013,57,1.4969880791975703,58,2.225066407773769,59,1.2011125081812393,8.660921154900544
3893799.0,Caleb Okoli,LEI,D,4.5,53,1.3638723225847678,54,1.5602858949590048,56,1.6152325304116673,52,1.438552826993786,54,1.918851628197456,55,0.737752455973209,8.63454765911989
3651663.0,Santiago Bueno,WOL,D,4.0,80,0.9042289718432253,75,1.50523980289581,74,1.8857643951385408,72,1.5526271267303544,71,1.476529202953,70,1.1566873995390936,8.481076899100023
3743037.0,Timo Werner,TOT,M,6.5,37,1.5703783367183317,36,1.5002682723038097,39,1.4155209972519278,36,0.952167533092418,37,1.611318763872547,36,1.4045422855414316,8.454196188780465
177020.0,Joël Veltman,BHA,D,4.5,50,1.7273769959310343,50,1.8650270900736834,50,0.9538093931156348,47,1.8155094298792822,44,1.2096384955187722,45,0.7013943855121666,8.272755790030573
3627958.0,Jurriën Timber,ARS,D,5.5,39,1.679978555022161,40,1.241938194561253,39,1.5096316282756912,38,1.0817220256288564,40,0.8811624549354908,40,1.8031151855373286,8.197548043960781
1758326.0,Deniz Undav,BHA,F,6.0,30,1.1769589753984004,32,1.5485313081018124,34,0.8877149194263468,34,1.8570622699476582,33,1.479671370487236,32,1.2104018782534067,8.16034072161486
242911.0,Yoane Wissa,BRE,F,6.5,39,1.3963302339603603,39,1.069050152268335,41,1.7842021849809404,39,0.9048717807294606,41,1.3257606852064545,40,1.655421958686322,8.135636995831874
3893792.0,Jørgen Strand Larsen,WOL,F,5.5,40,0.97863399037358,40,1.5165727174434307,38,1.3595527225915995,39,1.5298833450521179,37,1.3479019927328153,39,1.297035779909777,8.02958054810332
23120.0,Joe Gomez,LIV,D,5.5,49,2.3474055596658365,38,1.2497777240896142,36,0.9319287968203367,36,1.154735912867341,37,1.163020067845917,38,1.14138098918861,7.9882490504776555
2867399.0,Mykhailo Mudryk,CHE,M,6.5,33,0.8850509861623556,33,1.2926233926103001,36,1.4493159574663808,38,1.3563580302533693,37,1.479123392494773,38,1.5144597481346451,7.976931507121824
2064482.0,Mikkel Damsgaard,BRE,M,5.0,45,1.3513210237848177,45,1.016738117732868,46,1.6462669320037282,47,1.0163454404853043,47,1.2928033696646621,47,1.6422019651958966,7.965676848867277
35701.0,Jordan Ayew,CRY,M,6.0,42,1.249654322900302,42,1.466668177261153,42,1.1085123399656096,43,1.5621772173179191,41,1.3406110492932117,41,1.1903185347141354,7.917941641452332
3879564.0,Cameron Burgess,IPS,D,4.5,49,0.9319900661754212,51,0.6149933544280356,53,1.8422069506002383,50,1.2643668809145923,51,1.674615287293602,54,1.5367863049928336,7.864958844404724
88625.0,Jannik Vestergaard,LEI,D,4.5,53,1.2078251921202223,55,1.4736950434845926,53,1.3878209987762908,55,1.3867511781750301,54,1.8048284682370825,52,0.5895776342639272,7.8504985150571445
3879574.0,Luke Woolfenden,IPS,D,4.5,63,0.9474235376678626,62,0.5346092988933966,58,1.7924595903709646,61,1.3047615393754388,60,1.7252307149040502,60,1.432700944760223,7.737185625971936
2019410.0,Neto,BOU,G,4.5,32,1.1633131883505818,33,1.191136412974153,34,1.2883261487048645,34,1.219791535276098,36,1.4263380580559681,35,1.4094418776938382,7.698347221055505
23153.0,Raheem Sterling,CHE,M,7.5,30,0.8824580096837349,30,1.2899851439000083,33,1.456284843919548,33,1.2809456615409207,31,1.3522041596286378,31,1.3439346932629912,7.605812511935841
84632.0,Joe Willock,NEW,M,5.0,44,1.9752557985348413,45,1.5722414307937504,30,1.0561202349513628,29,1.0297121138649672,29,0.9791778078139783,30,0.7530189917730894,7.36552637773199
241953.0,Harvey Elliott,LIV,M,6.0,27,1.1217445479781454,28,1.1790446266953287,31,1.145598551651532,30,1.2171302672746676,32,1.311289518211219,33,1.2792431053755213,7.254050617186413
2882403.0,Noni Madueke,CHE,M,6.0,31,0.8378264962032873,31,1.2072455826059583,34,1.3544548897243112,33,1.1643005020334263,34,1.3428789797367426,33,1.2956564735832854,7.20236292388701
148332.0,Reece James,CHE,D,5.5,0,0.0,0,0.0,0,0.0,57,2.171099726216923,57,2.408631565393009,56,2.529264054309775,7.108995345919706
45018.0,Solly March,BHA,M,6.0,0,0.0,0,0.0,0,0.0,26,1.2471912653697255,53,2.8963757845660045,60,2.8317758543710556,6.975342904306785
1677494.0,Diego Carlos,AVL,D,4.5,42,0.9469607671775148,46,0.6493639443147068,46,1.3125489458627895,44,1.197245982145027,46,1.4201239821572196,46,1.429714790587505,6.9559584122447635
3628568.0,Matt Doherty,WOL,D,4.0,76,1.12158278041665,74,1.9700476607417445,72,2.2181940328449374,24,0.49634327174473714,25,0.4877240003757409,26,0.38460231886104956,6.67849406498486
88639.0,Jorginho,ARS,M,5.0,39,1.3509118558927247,36,1.0070524404527574,36,1.1239565666433606,37,1.0116740543954863,37,0.8350634780372534,37,1.2985180956305507,6.627176491052133
92389.0,Mateo Kovačić,MCI,M,5.0,37,0.9359357793884724,37,1.3421573285090442,38,1.1331567851511353,39,1.2576053374279608,38,0.8636174470429783,40,1.061234335970493,6.593707013490084
186002.0,Jacob Ramsey,AVL,M,5.5,32,1.1358547707429347,34,0.786177945603082,34,1.2518210089453776,33,1.1918313764383697,28,1.1113820930214482,29,1.11257801330535,6.589645208056562
2882402.0,Dango Ouattara,BOU,M,5.0,28,0.9042204010207677,32,1.1259966589596586,34,1.1232303556679044,32,1.0852012271845919,33,0.8974570870623222,33,1.4189754220989472,6.555081151994192
23360.0,Callum Wilson,NEW,F,7.0,12,0.6634712028294618,19,0.7650504154626389,26,1.2124146433726848,30,1.362001425042104,32,1.3890232388133172,32,0.9978122659751518,6.389773191495359
1863450.0,Sekou Mara,SOU,F,5.5,26,0.8273397570338683,27,1.0084371800903504,28,0.9491560745145582,29,1.1729039969774098,29,1.3336724169619731,30,0.9827160370147905,6.27422546259295
88528.0,Raúl Jiménez,FUL,F,5.5,26,0.9144098339210659,26,1.0983295927399674,28,1.110691216192997,28,1.1747600975537154,28,1.0191492779919304,29,0.956443032961773,6.273783051361449
187806.0,Thomas Partey,ARS,M,5.0,39,1.3395271255697698,34,0.9309563497977662,35,1.0721605372520768,35,0.9300946425969989,33,0.7152638598172104,36,1.2600219951048297,6.248024510138652
3879515.0,Ross Stewart,SOU,F,5.0,21,0.7241192178027267,23,0.9335903608400332,26,0.9597669443925486,27,1.191275226669532,27,1.3515483604799474,28,0.9983490428614267,6.158649153046214
3639047.0,Adama Traoré,FUL,M,5.0,22,0.7337902659552601,26,1.080626510421112,28,1.0936118170452038,29,1.174655720506752,29,1.0022056036602927,29,0.9264976063721617,6.0113875239607815
1812135.0,Cheick Doucouré,CRY,M,4.5,36,0.87991395554684,39,1.100547117965198,38,0.8168249131950588,39,1.1447779905788147,38,1.0066921767701456,40,1.0082522256486173,5.957008379704675
3638526.0,Alex Scott,BOU,M,4.5,32,0.8258523761630832,34,0.9303051767206647,37,0.993099247521386,36,0.9541859970969808,36,0.760103601675161,38,1.3199859029450032,5.783532302122279
132438.0,Craig Dawson,WOL,D,4.5,44,0.31625300701996456,47,0.8509194531561107,50,1.5042179704343561,47,0.9071802583469937,49,1.204291315684372,50,0.9980617165692511,5.780923721211049
154682.0,Curtis Jones,LIV,M,5.0,24,0.8669289136205449,26,0.9372407680257436,29,0.9232594001089603,27,0.9391496481887835,29,1.012126471084165,30,1.0029594464943552,5.6816646475225525
23331.0,Danny Welbeck,BHA,F,5.5,29,0.9083134372789009,28,1.0482375692887924,29,0.6155549468670527,28,1.1768348981942183,27,0.9401990885172458,27,0.8051956727056871,5.494335612851897
131314.0,Tyrone Mings,AVL,D,5.0,36,0.7903333827615318,34,0.39358342748089925,36,0.9321874333247484,39,1.0180835045819965,40,1.1457578077272674,40,1.1596441761088085,5.439589731985252
3650885.0,Beto,EVE,F,5.0,20,0.7944747130041437,22,0.785634098656389,23,0.9472752058384292,23,0.8515926115682938,24,0.997341338745831,26,1.0521534725410429,5.42847144035413
2131535.0,Pervis Estupiñán,BHA,D,4.5,0,0.0,0,0.0,0,0.0,28,1.1085929580010583,57,2.5176326051494162,65,1.7506135077744958,5.37683907092497
242981.0,Trevoh Chalobah,CHE,D,4.5,40,0.5475923573815851,41,1.0673438339794605,42,1.1683103891806081,35,0.7372726546813984,35,0.827839993438758,38,0.9672789647016432,5.315638193363454
1697059.0,Boubacar Kamara,AVL,M,4.5,0,0.0,0,0.0,0,0.0,31,0.7165408888396524,58,2.103812696048916,68,2.436814272421304,5.257167857309872
40951.0,Scott McTominay,MUN,M,5.5,19,0.720045893837249,23,0.7109917495480267,25,0.7159899676761311,27,1.0346535121677574,27,0.8619497436850528,32,1.1236248364195138,5.167255703333731
3648390.0,Đorđe Petrović,CHE,G,5.0,19,0.7018638693185555,20,0.7955306316939453,20,0.7720935837873263,23,0.8946826241972945,24,0.9211065427290304,26,1.0381482736147325,5.123425525340885
3629364.0,Igor,BHA,D,4.5,47,1.2150898267586374,45,1.1673275021392175,46,0.5180262920591341,36,1.159696832236352,30,0.722100957919712,25,0.33044579424736376,5.112687205360417
237976.0,Valentino Livramento,NEW,D,5.0,26,0.8538265145018974,33,0.7216251834574614,39,0.8659922839288224,41,1.1092241369181335,39,0.9602470170218156,41,0.596256713730373,5.107171849558504
1758328.0,Sam Johnstone,CRY,G,4.5,21,0.7358987608290357,22,0.7797053282431808,23,0.7754532168954591,23,0.8698425683888262,27,0.9714913837553867,26,0.914265223284737,5.046656481396625
3879518.0,Hamza Choudhury,LEI,M,4.5,32,0.5964381858023949,38,0.8173425100849325,42,0.9042333742805521,41,0.8598014752148168,43,1.0224032345407637,46,0.8425627887144933,5.0427815686379525
1695166.0,Nayef Aguerd,WHU,D,4.5,38,0.8007380221801258,42,0.8942237523795746,41,0.4448615210543477,42,0.9511251729924992,44,0.7949671377299741,47,1.130833986801913,5.016749593138434
3652110.0,Nicolás Domínguez,FOR,M,4.5,28,0.7037363981036029,33,0.9015016518815162,34,0.9676082139435198,35,0.6685535306786441,34,0.7720010803438023,35,0.9732016870090304,4.986602561960116
3648589.0,Jarrell Quansah,LIV,D,5.0,22,0.7487271029698583,24,0.7775832190346074,27,0.7048451150230481,29,0.9297136204521357,29,0.90857958184287,30,0.8993485746628909,4.968797213985411
1695163.0,Julio César Enciso,BHA,M,5.5,22,0.8250680466856679,23,1.06017145252012,23,0.5436638811204914,20,1.055173275738851,20,0.8555209972976571,18,0.6265409512844278,4.966138604647215
91483.0,Lucas Digne,AVL,D,5.0,30,0.7538933306212305,31,0.4089269866508287,32,0.9252842907080633,33,0.9503242096965286,30,0.9479145255832375,31,0.979387550417469,4.965730893677358
23059.0,Séamus Coleman,EVE,D,4.0,35,0.8604213761504824,35,0.5570741674402554,34,0.8416632138657465,35,0.6429915504992334,37,1.003156107579818,38,0.9969772084209962,4.9022836239565315
198784.0,Amad Diallo,MUN,M,5.0,19,0.7813178109480217,21,0.704083706501494,23,0.7198514052043626,24,0.9942291750926111,23,0.7856386373097641,24,0.9102919043586528,4.895412639414907
3651385.0,Carlos Baleba,BHA,M,4.5,35,0.7875533958010491,35,0.8453035049331377,37,0.5656753650867979,37,1.0882141858587844,38,0.8986507956062788,36,0.6710475858927463,4.856444833178794
3879507.0,Thiago,BRE,F,6.0,20,0.8086491194840025,21,0.6380809005483643,21,1.0376805361942774,23,0.5821431284645315,21,0.7561786567868346,22,1.0332715330141005,4.85600387449211
1681493.0,Fabio Vieira,ARS,M,5.5,17,0.8694349840118868,19,0.7392464576446505,22,0.9927704077428336,20,0.7536319188222047,18,0.4980736612333593,19,1.0008699571738444,4.854027386628779
3638248.0,Ross Barkley,AVL,M,5.0,29,0.9100042973045406,30,0.6364912247328487,28,0.9069988926123322,26,0.822240929072189,25,0.8569617589489165,21,0.7110865872587829,4.84378368992961
3879522.0,Kasey McAteer,LEI,M,4.5,23,0.818857411745055,23,0.7644479568577306,25,0.9343328427308458,25,0.7807365781437211,26,0.9620082251289915,28,0.5767653391953499,4.837148353801694
139797.0,Neal Maupay,EVE,F,5.5,15,0.5625306605528225,20,0.6786590227956515,21,0.8216268685584139,24,0.8499942503225978,25,0.9969620042428377,24,0.9254183231319438,4.835191129604267
3652444.0,Andrew Omobamidele,FOR,D,4.0,33,0.767699852615896,36,0.921920227367358,36,0.9984623604440981,39,0.3688999783061079,38,0.7358470556514105,39,1.034498232464395,4.827327706849266
110898.0,Miguel Almirón,NEW,M,6.0,23,1.031475956859501,24,0.7911742287652717,22,0.8015652176834304,22,0.8049661866635102,23,0.7964153994351718,24,0.6008353002136627,4.8264322896205485
3652436.0,Ryan Gravenberch,LIV,M,5.0,18,0.6505685497723187,21,0.7589392558080995,22,0.7005324339997462,24,0.8382677572627261,25,0.8759855287146903,25,0.8376751636258211,4.661968689183402
139207.0,Pedro Neto,WOL,M,6.5,21,0.47949121538927886,22,0.8382267769962689,21,0.770452143997158,22,0.8761114043325627,23,0.8571140403852138,23,0.7581266016998403,4.579522182800322
24083.0,Ben Chilwell,CHE,D,5.5,26,0.4407285209679662,25,0.7814252429363912,27,0.8869969551803792,26,0.685286823223769,28,0.8442615163480799,29,0.9104026199806323,4.549101678637218
2024700.0,Levi Colwill,CHE,D,5.0,29,0.4259638233989782,32,0.86801714264797,32,0.9117337381111661,31,0.7068848364628424,31,0.7893893067882598,31,0.8396428381772723,4.541631685586489
495578.0,Tim Iroegbunam,EVE,M,4.5,25,0.6054593545998184,27,0.5847294862629256,31,0.7929079058455797,32,0.7417702243411929,32,0.8668954816157195,34,0.8866189770556364,4.478381429720873
1814996.0,Keane Lewis-Potter,BRE,M,5.0,18,0.6513430381753074,21,0.5469863429531522,22,0.9817845613927413,23,0.4994603282515912,22,0.6881521162702251,25,1.0539872235339522,4.42171361057697
230745.0,Philip Billing,BOU,M,5.0,21,0.6144109567464405,22,0.6958250770253179,24,0.712527244763402,26,0.7959559061623027,26,0.619959546936472,24,0.9521147852617425,4.390793516895678
3879494.0,Yankuba Minteh,BHA,M,5.0,29,0.8449039390924121,28,0.9153914687538979,30,0.608367181090062,27,1.0207110597113416,16,0.48802778217172976,17,0.4258953047718142,4.303296735591258
1727417.0,Taiwo Awoniyi,FOR,F,6.0,16,0.6148364084619197,18,0.7254462290313184,19,0.8207595749971935,19,0.5362855189382758,22,0.7302790782181183,20,0.8169709099300629,4.244577719576889
32948.0,Aaron Wan-Bissaka,MUN,D,4.5,33,0.7994700303486015,34,0.608290399893786,36,0.4197834480694209,39,0.9694058119547504,38,0.7478632283551837,38,0.6458493144785828,4.190662233100326
3634426.0,Matheus França,CRY,M,5.0,20,0.6782448670143191,19,0.778033233109639,18,0.5423676996396155,18,0.7596196896360878,19,0.7338011693000475,20,0.657229955406726,4.149296614106436
23148.0,Oleksandr Zinchenko,ARS,D,5.5,18,0.7947424333821246,19,0.6120652204752937,19,0.7533997604144463,20,0.6042475118349185,20,0.45933616115385256,20,0.9151489961345627,4.138940083395198
137292.0,James Justin,LEI,D,4.5,38,0.6491590412723076,40,0.7830948290749686,37,0.7253035269522028,39,0.7140850647736855,39,0.9486316603402039,40,0.24728136914654614,4.067555491559915
139802.0,Mason Mount,MUN,M,6.0,15,0.5566283941265936,20,0.604016779314133,21,0.5823956914873829,23,0.8629276115162586,22,0.6802540826226826,23,0.7804864838092805,4.066709042876331
3879560.0,Marcus Harness,IPS,M,4.5,15,0.3908641540501895,20,0.3853064863690965,22,0.7979220745808796,25,0.7159234849958672,25,0.8782324829989029,25,0.8677142699357169,4.035962952930652
2139824.0,Matheus Nunes,MCI,M,5.0,19,0.5305788294035644,21,0.8470825636911761,20,0.6523956088068705,21,0.7440936629086727,23,0.5557498191092674,24,0.6950583376866223,4.024958821606173
3744084.0,Conor Bradley,LIV,D,5.5,12,0.4484851709357421,17,0.6101959886331512,21,0.6082817139444004,23,0.8057776181439404,22,0.7571960198159419,24,0.7836058864385789,4.013542397911754
45053.0,Victor Lindelöf,MUN,D,4.5,27,0.6843897491851384,30,0.5746806622965953,33,0.4264491770305885,33,0.8503860329076871,35,0.725170125054484,37,0.6833096409748849,3.944385387449378
3638606.0,Max Aarons,BOU,D,4.0,27,0.5806245773984002,30,0.5882819471818809,32,0.7233225115822146,31,0.5770358794108821,31,0.33097181056277475,35,1.1015902086866503,3.901826934822803
185167.0,Nélson Semedo,WOL,D,4.5,0,0.0,0,0.0,0,0.0,81,1.4695357344067124,80,1.3807134497935367,79,1.0361033810384823,3.8863525652387314
2893236.0,Victor Bernth Kristiansen,LEI,D,4.5,37,0.6232194284595499,35,0.6668546142306107,38,0.7449045307009687,40,0.732620216513227,37,0.8901443361026885,37,0.21160253211351226,3.8693456581205568
257276.0,Takehiro Tomiyasu,ARS,D,5.5,5,0.21477116823702602,11,0.3403439945310849,17,0.6471909485018409,23,0.6617249772160556,28,0.6138509810318491,29,1.2956249688690686,3.773507038386925
3879572.0,Jack Taylor,IPS,M,4.5,26,0.4039498430862643,31,0.4154586880755292,31,0.7250272505440921,34,0.6368756242998187,35,0.8129961030936939,35,0.7401750561510767,3.7344825652504747
1855091.0,Harry Toffolo,FOR,D,4.5,18,0.4769532932973737,22,0.6295907672630164,27,0.8414566004851152,28,0.3415616627446788,28,0.6110589902794565,28,0.817214611348703,3.7178359254183437
2882401.0,Jhon Durán,AVL,F,5.5,15,0.6084073534356156,15,0.35431208130620095,16,0.6609414707478208,16,0.648665041686365,16,0.7340436584208602,16,0.6994703016737812,3.705839907270644
2930181.0,Kamaldeen Sulemana,SOU,M,5.0,14,0.4118263854357503,15,0.5373145065114718,17,0.5481066801998047,19,0.7322721751914534,20,0.901223178385297,18,0.557199642774295,3.6879425684980722
3652441.0,Ibrahim Sangaré,FOR,M,4.5,26,0.5754414480384502,24,0.5726281460878548,27,0.6658692901846082,30,0.49030549759313546,30,0.5964117925941037,30,0.7367422917842638,3.6373984662824164
242907.0,Samuel Edozie,SOU,M,5.5,15,0.4092772529218029,16,0.5291493846659927,17,0.5078134454038052,19,0.6717190465447563,19,0.7834601212046992,20,0.5775912025158683,3.479010453256924
233401.0,Frank Onyeka,BRE,M,4.5,18,0.46011801919810813,22,0.40356790598258147,24,0.7451554976945628,26,0.4268241863743842,27,0.5956186984902812,27,0.7946962364946761,3.4259805442345943
2707125.0,Lewis Hall,NEW,D,4.5,19,0.6616977951161702,24,0.550252652542382,24,0.5538892364271095,23,0.6273594283682757,24,0.6067160237851751,28,0.4028521428537241,3.402767279092837
23134.0,Danny Ings,WHU,F,5.5,14,0.5318727565995695,15,0.49005927901831803,15,0.35728470779367955,19,0.6736735948141354,19,0.6680853709127097,19,0.6622148977189881,3.3831906068574003
3674479.0,Jack Hinshelwood,BHA,M,4.5,19,0.5215096431828126,20,0.6140832786657097,22,0.4254841408672928,21,0.7460186911049017,20,0.5910523931716236,19,0.4662999091181657,3.3644480561105063
2833740.0,Kevin Schade,BRE,M,5.5,15,0.4848684591085806,18,0.42747300899520035,19,0.7422679003522124,20,0.4094326038753139,20,0.5636468054323122,20,0.7362114628963735,3.363900240659993
156990.0,Tariq Lamptey,BHA,D,4.5,24,0.5987374436518418,22,0.6225664965853837,24,0.2730151395155952,22,0.8119310797716518,21,0.5954086964642561,22,0.3792489038077715,3.2809077597965
2229322.0,Antony,MUN,M,5.5,11,0.41616203288708264,15,0.45680954897687387,17,0.47499755095164553,18,0.687109540324326,18,0.562350720599516,19,0.651988402890939,3.249417796630383
3652440.0,Jean-Ricner Bellegarde,WOL,M,4.5,20,0.31206365141476394,22,0.540357935587233,24,0.6033311368669194,25,0.6493596884126188,25,0.6214750367324567,24,0.5113283438858978,3.23791579289989
234799.0,Kristoffer Ajer,BRE,D,4.5,21,0.5296456376674569,26,0.2618071420002222,28,0.8747871892300632,30,0.24156942655730335,29,0.439601001723983,32,0.8885552810215257,3.2359656782005546
3763425.0,Enes Ünal,BOU,F,5.5,0,0.0,0,0.0,0,0.0,13,0.5341317104536306,28,0.90907063012744,32,1.6995494634561348,3.1427518040372053
2818757.0,Facundo Buonanotte,BHA,M,5.0,15,0.4496918619731306,17,0.6096232768475822,19,0.3507939509429376,17,0.7173050262386699,16,0.5378143513554086,17,0.456084194366994,3.1213126617247235
242878.0,Kiernan Dewsbury-Hall,CHE,M,6.0,11,0.23728295510417902,14,0.4615586352029601,16,0.5334229546320391,17,0.5042354471816322,18,0.5988361506444855,20,0.6539595666255889,2.989295709390885
197966.0,Emile Smith Rowe,ARS,M,5.5,7,0.316016215040755,9,0.3087126932087948,13,0.5147544825148922,12,0.39778795569875025,19,0.4732647173122666,20,0.922446305715692,2.9329823694911505
2853884.0,Álex Moreno,AVL,D,4.5,15,0.37387007413248874,18,0.23778937374634243,19,0.5342658492525452,20,0.5529120671810833,19,0.581317095033798,21,0.6420123708054927,2.9221668301517507
231147.0,Tosin Adarabioyo,CHE,D,5.0,21,0.28445568537670474,20,0.5154128954038119,21,0.5646844083803638,21,0.4551882492714341,20,0.4884252695627791,20,0.5082532240932982,2.8164197320883924
3895028.0,Jaden Philogene Bidace,AVL,M,5.5,11,0.38080043893630605,14,0.2960342699347314,15,0.5387439239085887,14,0.4903757633541564,14,0.54790650822687,14,0.5309864591718058,2.7848473635324584
242869.0,Armando Broja,CHE,F,5.5,10,0.272191209396082,11,0.44987590547300055,12,0.49589908931183346,12,0.44092660124348576,13,0.5410572380271964,13,0.531797452154039,2.731747495605637
3879512.0,Ryan Manning,SOU,D,4.5,21,0.2224986080903829,22,0.47476847318142745,23,0.39657966167866365,22,0.4649299549324951,24,0.7303426637834622,26,0.40958797002518527,2.6987073316916166
3879559.0,Axel Tuanzebe,IPS,D,4.0,28,0.2660035002435728,27,0.08283550950406993,31,0.709862757805857,30,0.43978028628457444,30,0.6427557006317617,30,0.5276532689638158,2.668891023433652
256300.0,Maxwel Cornet,WHU,M,4.5,9,0.3220659345718247,13,0.4117802635226269,14,0.32085977930222886,14,0.47633219922569825,16,0.5287033029782184,17,0.5698244492820623,2.6295659288826596
3646579.0,Konstantinos Mavropanos,WHU,D,4.5,17,0.34127061555601035,23,0.45256668338586203,25,0.23991535105469508,27,0.5683504224238384,28,0.44630930902083216,29,0.5747170949746718,2.62312947641591
189201.0,Nathaniel Clyne,CRY,D,4.5,12,0.26390185070328076,15,0.39232640139251496,19,0.2916033683750008,20,0.5905109138701554,22,0.5282907584373706,23,0.5139560804762915,2.5805893732546146
192735.0,Emi Buendía,AVL,M,5.0,9,0.35912076762718137,9,0.20952026417009667,11,0.45315732069498343,12,0.4838307862106481,12,0.5481529893726881,11,0.4785391720866384,2.532321300162236
23543.0,Aaron Cresswell,WHU,D,4.0,17,0.3649766431555304,19,0.3954151623150358,23,0.2442615489204546,25,0.5520185533859804,25,0.4329586832695633,24,0.5025932843508796,2.4922238753974444
3879583.0,Ali Al Hamadi,IPS,F,5.0,9,0.2890476869980365,10,0.22728756819884813,10,0.4349883741632308,12,0.4061183768856212,13,0.5424266028912299,13,0.5451587388795013,2.4450273480164677
1777193.0,Tyrell Malacia,MUN,D,4.5,13,0.33068977761877605,18,0.33698819134636376,21,0.2622339989363388,23,0.5834483461611764,25,0.5005755546746623,24,0.4266815469004156,2.4406174156377327
3638039.0,Alejo Véliz,TOT,F,5.0,8,0.36373210407116835,8,0.3555437996884501,9,0.34921887826700626,11,0.2929594773091568,12,0.5628821589260681,11,0.4646209655536426,2.388957383815492
3879499.0,Luis Guilherme,WHU,M,5.0,11,0.30851470123130936,13,0.3404453098785434,15,0.2848426811327655,16,0.4515573478299337,16,0.41299369076675074,18,0.49660038511702,2.294954115956323
231155.0,Kenny Tete,FUL,D,4.5,11,0.22190826263068897,13,0.3797626140698882,15,0.41906075681861177,18,0.46465067252964265,20,0.35840914376855804,22,0.44609549295908607,2.2898869427764756
144450.0,Billy Gilmour,BHA,M,5.0,13,0.2714416143159425,19,0.42793400285353783,18,0.24964474867081632,19,0.5188024073796674,19,0.4137084028805076,21,0.3668583920047575,2.248389568105229
231152.0,Tim Ream,FUL,D,4.5,9,0.1656424726885916,15,0.395405490698389,19,0.4814849675615694,19,0.4351439990480552,21,0.3294525281725025,21,0.39353419500851966,2.2006636531776276
23117.0,James Milner,BHA,M,4.5,12,0.3083190588917732,13,0.38196492357818074,15,0.253191607742741,16,0.5518855651584234,14,0.3935889843790638,13,0.29654886690099835,2.1854990066511806
3879561.0,Freddie Ladapo,IPS,F,5.0,8,0.23928921606497555,10,0.21395011582000575,11,0.4484779958145455,12,0.38177089862714636,12,0.47119649619397364,11,0.4307424147661345,2.1854271372867813
274923.0,Nathan Patterson,EVE,D,4.5,12,0.27951396908226783,14,0.2226018054961557,17,0.40507385239830557,17,0.3048573816940303,19,0.4946238612670271,17,0.4199288439167907,2.126599713854577
23103.0,Jeffrey Schlupp,CRY,M,5.0,9,0.26975866507486906,10,0.3626425083943091,11,0.29269916021607467,11,0.41369523571045147,12,0.4100594127021145,12,0.3495535611570687,2.0984085432548873
3745030.0,Radu Drăgușin,TOT,D,4.5,9,0.245808920474472,13,0.344898720130486,19,0.3022038260718515,18,0.2345444954671222,20,0.5182699998100995,20,0.4205232756715451,2.066249237625576
226789.0,Thomas Cannon,LEI,M,4.5,7,0.2888375955742914,7,0.2671667334101362,10,0.4348862972050532,10,0.35658773937547283,10,0.4267348252959161,12,0.2671983717117893,2.041411562572659
139838.0,Emil Krafth,NEW,D,4.5,10,0.3187174421806583,14,0.29529147107261783,15,0.3086241335136757,18,0.44848269113129996,19,0.4407372212026482,18,0.22872815024960097,2.0405811093505006
175378.0,Luke Thomas,LEI,D,4.0,18,0.30412457572520935,19,0.3672395899803844,20,0.38650729253698113,19,0.34287069288968264,21,0.492312460773493,22,0.13831725430366987,2.0313718662094202
2405112.0,Boubacar Traoré,WOL,M,4.5,15,0.17972122257906362,19,0.3180294970386802,20,0.3760146829683018,22,0.39421693873212416,22,0.39215689376228896,23,0.34105661885406924,2.001195853934528
3879521.0,Wanya Marcal-Madivadua,LEI,M,4.5,7,0.24981586541674794,9,0.30417756821387937,10,0.3772646873195081,11,0.34851223004879656,12,0.44979052663982116,13,0.26280421688025696,1.9923650945190101
2098573.0,Bryan Gil,TOT,M,4.5,7,0.28112845298906586,9,0.35297757585311657,9,0.2983863676325141,9,0.20691324232020905,10,0.4096975718994663,12,0.4399837539835758,1.9890869646779477
3879511.0,Jack Stephens,SOU,D,4.0,12,0.12036477640366529,13,0.2524989368957501,16,0.25264737290234557,21,0.38935998789568005,21,0.5731572881097927,20,0.28683239586635895,1.8748607580735925
45036.0,Will Hughes,CRY,M,4.5,12,0.2475444602239366,14,0.33132881039573847,15,0.25852564522924504,16,0.3996474328225216,14,0.30863990612947323,15,0.31401789304113886,1.8597041478420537
192202.0,Josh Dasilva,BRE,M,4.5,7,0.2006619526135888,10,0.20977178735688537,12,0.41287173970493934,11,0.20127120943147264,13,0.3242452265195741,15,0.48621467696999465,1.835036592596455
3638749.0,Youssef Chermiti,EVE,F,5.0,5,0.18407251906729558,7,0.23034540673961085,7,0.2672639324763754,9,0.3087823337224898,11,0.42878927496837843,11,0.41341372280538774,1.8326671897795377
3651914.0,Tommy Doyle,WOL,M,4.5,15,0.21184957997931983,16,0.3140040455563957,16,0.3394405699149913,17,0.3498664305226958,16,0.3257622586331142,17,0.2911675891820189,1.8320904737885357
1783649.0,Cameron Archer,AVL,F,5.0,6,0.24652314523832788,7,0.17086009100499713,8,0.335502796971631,8,0.3270603373309888,8,0.37109050262276366,8,0.35222002600699076,1.8032568991756994
178132.0,Kostas Tsimikas,LIV,D,5.5,12,0.4270485385728346,8,0.2748365073529977,7,0.1985046871579612,9,0.3018340709100058,9,0.29619786496039247,9,0.28421853565415867,1.7826402046083505
2584318.0,Hugo Bueno,WOL,D,4.0,20,0.178959181812048,20,0.3679818974300562,21,0.45434239425069123,14,0.27829559585987496,14,0.26837655430763463,16,0.22825713019981347,1.7762127538601187
230738.0,Chris Mepham,BOU,D,4.0,10,0.20534979571584383,11,0.19944854664913553,15,0.3202438203579389,18,0.30322648613081427,16,0.16281340197240302,18,0.5190226778069149,1.7101047286330504
1897014.0,Manor Solomon,TOT,M,5.0,5,0.2150840628368025,6,0.25200792915846487,7,0.24999973544597748,8,0.1984679253548323,8,0.3519047519318067,10,0.39366687759442487,1.6611312823223088
23490.0,Ben Davies,TOT,D,4.5,6,0.18061541559629535,10,0.2929940089741141,12,0.2274222836324868,12,0.17481828533816093,14,0.4056507599394991,16,0.3794280695162576,1.660928822996814
186823.0,Wesley Fofana,CHE,D,5.0,3,0.042388554009291174,6,0.1564481382570411,9,0.24070571497343587,13,0.281361705071745,18,0.4351355000029709,19,0.47402931261470976,1.6300689249291938
139208.0,Adam Webster,BHA,D,4.5,9,0.20724745895647612,12,0.30031927289192006,12,0.1386834697360226,13,0.4254985624663775,13,0.331124779982714,13,0.20630047048951017,1.6091740145230204
3556530.0,Giovani Lo Celso,TOT,M,5.0,6,0.19439478582366765,9,0.285137469985396,9,0.2330968844621214,10,0.18406538397197453,11,0.35825481262483333,12,0.3506514128963599,1.6056007497643527
2268244.0,Carlos Vinícius,FUL,F,5.0,4,0.1501450598899105,5,0.2307487044461853,6,0.2571077035073918,8,0.36179674434667397,8,0.310176846748574,8,0.28020354535934616,1.5901786042980817
3762527.0,Romain Faivre,BOU,M,4.5,5,0.161188080699552,8,0.2805742068751673,9,0.2924272372357789,8,0.2687174310798863,9,0.23381172581816925,8,0.3519509578098137,1.5886696395183675
230975.0,Joe Worrall,FOR,D,4.0,7,0.16711435775172606,9,0.23478031034439925,11,0.3054817611126962,14,0.15881024989635245,16,0.31721709344990656,15,0.39055382385822895,1.5739575964133095
2930176.0,Hamed Junior Traorè,BOU,M,4.5,7,0.20136847947067432,9,0.2746404813778702,9,0.2617371564308977,9,0.26323298829623637,9,0.206486905274207,9,0.34654238953729943,1.554008400387185
2087563.0,Rico Lewis,MCI,D,5.0,4,0.11474739871606063,6,0.2860524487574706,6,0.21566137390355933,8,0.3241218761397903,9,0.2353381203959799,10,0.29234950565897194,1.4682707235718329
192204.0,Mads Roerslev,BRE,D,4.5,7,0.17823301677375986,7,0.09353266434860116,12,0.36927538252108716,13,0.1347368096673558,14,0.23587134471724047,13,0.35524294197283657,1.366892160000881
184652.0,Ki-Jana Hoever,WOL,D,4.0,14,0.1200482116731121,19,0.31021607638015514,22,0.4391890334667892,9,0.16262326033890026,10,0.17655040819075077,12,0.15271703290167438,1.3613440229513816
3640757.0,Lewis Dobbin,AVL,M,4.5,5,0.16202395121787388,6,0.11572720018084723,7,0.2358364883066063,8,0.2619435432554398,7,0.25597856672496544,9,0.3206851439059394,1.352194893591672
192744.0,Oliver Skipp,TOT,M,4.5,8,0.1943169201162411,10,0.23707026321314784,10,0.18742337608676066,11,0.15779114298733377,12,0.2842073283138571,12,0.25927624983672215,1.3200852805540628
88496.0,Conor Coady,LEI,D,4.0,7,0.11570073620369732,10,0.19184260811174797,13,0.24109019016446598,16,0.28289934437265185,16,0.3605581924931339,18,0.11830718566912693,1.3103982570148238
23448.0,Łukasz Fabiański,WHU,G,4.0,3,0.1164484866035348,3,0.1211977155146918,5,0.20316410140159058,7,0.28884704286478824,6,0.23237585896656515,8,0.3173926195941174,1.2794258249452881
3645684.0,Jesuran Rak Sakyi,CRY,M,4.5,5,0.16345874725000709,5,0.1979796470100188,5,0.14439598158565142,6,0.2461376438322892,6,0.2237039362387849,8,0.25418461421866523,1.2298605701354166
3879573.0,George Edmundson,IPS,D,4.0,10,0.09410293045622044,14,0.06028082404400521,13,0.28117087197447493,15,0.21925620675510465,14,0.29180037156138067,16,0.26541248110155696,1.212023685892743
3879493.0,Samuel Iling-Junior,AVL,M,5.0,5,0.14348499396418188,6,0.10604959138231992,8,0.24006335545891017,7,0.2033930424412767,8,0.25560731699868944,7,0.22217899328645987,1.1707772935318381
23018.0,Joel Ward,CRY,D,4.5,4,0.08500133921339123,7,0.1759425957978989,9,0.13208162596806713,9,0.254660720294637,11,0.25093694344486295,11,0.2371443259923783,1.1357675507112355
257275.0,Emerson,TOT,D,4.5,4,0.11063778865336768,7,0.18746095490012438,8,0.13887478243824908,10,0.13339598722276225,12,0.3146222334492647,10,0.21816436478501516,1.1031561114487833
2624511.0,Yehor Yarmoliuk,BRE,M,4.5,4,0.1002597002700904,5,0.08709133688803816,8,0.2437666059918267,9,0.13768646508686716,10,0.2130653729834505,10,0.2852825198931148,1.0671520011133877
221680.0,Carney Chukwuemeka,CHE,M,5.0,3,0.06751182809012456,4,0.14378021753283102,5,0.18180732342856198,6,0.19152725311633212,6,0.217945536618338,7,0.2489899336618035,1.0515620924479911
3652624.0,Luke Harris,FUL,M,4.5,4,0.11871376255680205,4,0.14688570332562859,5,0.17383065902852315,5,0.17633986774537916,7,0.2070419279477903,7,0.19871276113755687,1.02152468174168
283053.0,Christian Eriksen,MUN,M,5.5,3,0.09067223571674513,5,0.124769880847014,6,0.12901699356382865,7,0.21533734179769778,9,0.23259643295426352,8,0.212873525503461,1.0052664103830102
2893237.0,Jakub Kiwior,ARS,D,5.5,4,0.16789562931126886,5,0.15341664336672517,5,0.18725678942721327,5,0.14426574814048926,4,0.0890761083090593,6,0.2606212183973705,1.0025321369521263
140080.0,Aaron Ramsdale,ARS,G,5.0,2,0.08641575014829117,3,0.11562628348164829,4,0.1660550338334532,4,0.15256318409096278,6,0.21799096369737214,6,0.2631079560223161,1.0017591712740437
182752.0,Fábio Silva,WOL,F,5.0,4,0.08104809070271654,4,0.13683134374399172,5,0.16709628213395192,6,0.2162870169052016,6,0.204241347516542,6,0.1757199313841166,0.9812240123865204
1783661.0,Roméo Lavia,CHE,M,4.5,5,0.07298846755856216,7,0.16713276530412793,7,0.16699533655247467,8,0.17135297770509014,8,0.19391466449568226,8,0.17967669243419995,0.9520609040501371
3879575.0,Christian Walton,IPS,G,4.5,1,0.038256513830868956,3,0.13463522416350185,4,0.14730283002446978,5,0.20405276756739393,6,0.2334167028456361,5,0.1763517424143301,0.9340157808462006
3879497.0,Chadi Riad,CRY,D,4.5,4,0.09213321267204899,5,0.13728401623706799,7,0.11730291111758996,7,0.21412313132655938,7,0.17586092930437866,8,0.18630375741669242,0.9230079580743373
3879513.0,Shea Charles,SOU,M,4.5,4,0.06744090557016968,6,0.12777482181684335,7,0.1410182514575597,8,0.17672488927090102,8,0.22052787107304772,9,0.17260130663041554,0.906088045818937
184661.0,Sergio Reguilón,TOT,D,5.0,5,0.1515476281173711,5,0.148622361522656,5,0.10012783409080415,6,0.08864871007048238,7,0.20659203179079436,8,0.1959526021045275,0.8914911676966355
92413.0,Leander Dendoncker,AVL,M,4.5,5,0.12626724326061448,7,0.11064371322028063,8,0.21212436893308656,7,0.17971041813552976,5,0.13827386121567545,4,0.11306890769800243,0.8800885124631892
23378.0,Michael Keane,EVE,D,4.0,2,0.054157899192967346,4,0.08072935005572096,5,0.13785243019633592,8,0.1744923117370671,7,0.20742801395615984,8,0.22540023496311906,0.8800602401013702
228177.0,Jadon Sancho,MUN,M,6.5,4,0.15510258802366994,3,0.09539041210067083,3,0.08505961423299455,4,0.15677181764659026,5,0.1618234668369035,5,0.1758407754670974,0.8299886743079264
1954996.0,Daniel Iversen,LEI,G,4.0,1,0.03622880453145278,2,0.07967256809231152,4,0.1422466934286424,5,0.1910381300732861,5,0.17813127075824522,5,0.19582952940553205,0.82314699628947
3879492.0,Enzo Barrenechea,AVL,M,4.5,5,0.12191174415374073,7,0.10639447896201995,9,0.2309776755466625,6,0.1490717427659984,3,0.07994502750198068,4,0.109812058183393,0.7981127271137953
3879581.0,Cameron Humphreys,IPS,M,4.5,4,0.05919981072762792,5,0.06997133230428995,6,0.13624688060666595,8,0.15597367080866287,8,0.18578862640402305,9,0.18126971384344173,0.7884500346947114
2253849.0,Sasa Kalajdzic,WOL,F,5.0,0,0.0,3,0.11079645289583245,5,0.17832770495784508,5,0.19448923657149392,4,0.14519067824791618,5,0.15642377959084647,0.785227852263934
2207564.0,Stefan Bajcetic,LIV,M,4.5,2,0.06489444752024467,3,0.09409597242274345,4,0.11141483640347434,5,0.15099631079159778,6,0.1803111619091325,6,0.1760767123281004,0.777789441375293
1677492.0,Matt Turner,FOR,G,4.5,2,0.07221843360302012,2,0.07675006214696967,3,0.11208871454233334,4,0.15681819879873413,4,0.15324163305356203,4,0.14820960424736976,0.719326646391989
187807.0,Robin Olsen,AVL,G,4.5,1,0.03641290068610989,2,0.06332408952054518,3,0.11312128405408739,4,0.14169024164668892,4,0.1484196297503493,5,0.19665165021902467,0.6996197958768053
3651913.0,Altay Bayındır,MUN,G,5.0,2,0.07708606521676817,2,0.08127231086441548,3,0.11634184829678976,3,0.11962423776575187,4,0.1532138010751798,4,0.14876845505830003,0.696306718277205
140028.0,Caoimhín Kelleher,LIV,G,5.0,2,0.08575265186466277,3,0.11903406168661824,3,0.12106758770723233,3,0.11608951860723729,3,0.11881829934538253,3,0.12145954598413493,0.6822216651952681
23521.0,Jonny Evans,MUN,D,4.5,2,0.04908751066164507,4,0.07793101043112191,5,0.06706681217111146,7,0.173921876521598,7,0.14241893814748965,8,0.14249632322450134,0.6529224711574674
3879577.0,Harry Clarke,IPS,D,4.5,4,0.03799997078335336,4,0.025276913478037833,6,0.12829197341081236,8,0.11651704702209299,8,0.16495061517279788,9,0.1468706660864201,0.6199071859535145
3879509.0,Joe Lumley,SOU,G,4.0,2,0.07944074518550095,1,0.03406983871635253,3,0.11257712754960579,3,0.10950746549754375,3,0.11660799131798263,4,0.15315167021439813,0.6053548384813838
3652437.0,Odisseas Vlachodimos,NEW,G,5.0,0,0.0,2,0.08034880568128082,3,0.1154958310458758,4,0.16150328887491877,3,0.12262648581799813,3,0.11370462477297497,0.5936790361930485
2911676.0,Daniel Bentley,WOL,G,4.0,1,0.0378296739353237,2,0.07136970011824975,3,0.10677195984864868,3,0.10713489946947272,4,0.14972293766411232,3,0.11339224588612681,0.586221416921934
206669.0,Jakub Moder,BHA,M,4.5,2,0.049329878327777056,4,0.11379839553487767,3,0.04516964256530709,4,0.13560714800842016,4,0.10816645679340983,6,0.12965830099426626,0.581729822224058
3638859.0,James Mcatee,MCI,M,5.0,1,0.03592990850999358,2,0.1098593296706003,2,0.08486500589727988,3,0.14186666709520382,3,0.0871068683465224,3,0.11167160633431672,0.5712993858539167
3879523.0,Archie Gray,TOT,M,4.5,1,0.028660421759728612,3,0.08308524169481558,4,0.09258619147638189,5,0.08914397270354482,5,0.14020083050598603,5,0.12948589487475054,0.5631625530152075
3879505.0,Steven Benda,FUL,G,4.5,1,0.03811250732521536,2,0.07576704121365696,3,0.11829816437425505,3,0.10750389956108272,3,0.10500880284309871,3,0.10544687447720062,0.5501372897945095
259132.0,Mathias Jørgensen,BRE,D,4.0,1,0.023977953882779526,2,0.024393396312455275,5,0.1467263217635732,6,0.05787108247064624,7,0.10803802615735827,7,0.18146725385773954,0.5424740344445521
3631216.0,Lesley Ugochukwu,CHE,M,4.5,2,0.02747469711126673,3,0.07014171120051106,4,0.09334644386330075,5,0.10413527091211591,4,0.09488925254177438,6,0.13167948461674475,0.5216668602457135
3556537.0,João Virgínia,EVE,G,4.5,0,0.0,2,0.07477878937339179,3,0.10826150909839173,3,0.10995752977460035,3,0.1142396645287525,3,0.10815581452715262,0.5153933073022889
3584360.0,Daniel Jebbison,BOU,F,5.0,2,0.07277574774061737,3,0.12235384935956695,3,0.10913410489053033,2,0.07784812453053015,1,0.02970460409028214,2,0.10042591255191524,0.5122423431634422
178022.0,Fraser Forster,TOT,G,4.5,0,0.0,2,0.07318052960736263,3,0.11184665068293095,3,0.09737233614892171,3,0.11000234593901488,3,0.11506092082660349,0.5074627832048336
24075.0,Rob Holding,CRY,D,4.5,2,0.04693975793664178,2,0.05611948963965721,3,0.0525154596214483,4,0.12453267060911369,5,0.1281189256234619,4,0.09512527678679501,0.5033515802171179
3652667.0,Oscar Bobb,MCI,M,5.5,0,0.0,2,0.11430195736057192,2,0.08742333444679799,2,0.09815595027336593,3,0.08790770317039018,3,0.11480074982977527,0.5025896950809013
2930174.0,Naouirou Ahamada,CRY,M,4.5,2,0.04665531023726357,3,0.08241793066111625,3,0.05832838597659497,4,0.11534402578494776,3,0.07652738127999337,5,0.1166327484737765,0.49590578241369243
3879495.0,Ibrahim Osman,BHA,M,4.5,3,0.08309507773812908,3,0.09415737710040203,4,0.0717847415509803,3,0.11125354980280434,2,0.059839606170769166,2,0.04832823658682335,0.4684585889499083
2911675.0,James Bree,SOU,D,4.0,1,0.01497878216740682,3,0.0662532524772388,2,0.03870938668911001,3,0.06516520477780499,4,0.11805962044474144,4,0.07235376320424619,0.3755200097605483
2930182.0,Paul Onuachu,SOU,F,5.0,0,0.0,0,0.0,2,0.07002745971123085,2,0.08342316021835715,2,0.09663636572831312,2,0.06708149677435636,0.3171684824322575
139990.0,Scott Carson,MCI,G,4.5,0,0.0,0,0.0,1,0.04045124864642184,2,0.08321357462267953,2,0.07047514213734667,2,0.07791179355184352,0.2720517589582916
1727420.0,Malcolm Ebiowei,CRY,M,4.5,1,0.03271189671658677,1,0.03982391539051702,0,0.0,1,0.04127911855574078,2,0.07483829236413561,2,0.06336640355853708,0.2520196265855173
280714.0,Luke Cundle,WOL,M,4.5,0,0.0,1,0.02316546937149174,1,0.024427236988320042,2,0.04903653182294364,3,0.07186399356899112,3,0.058409138941973734,0.22690237069372027
293578.0,Chiquinho,WOL,M,4.5,0,0.0,1,0.03475401871943562,0,0.0,2,0.07315208555439492,2,0.06916540829863191,1,0.029232139784738688,0.20630365235720113
77164.0,Reiss Nelson,ARS,M,5.5,0,0.0,1,0.03950093304925066,0,0.0,0,0.0,1,0.02719523228255179,2,0.10932635847093689,0.17602252380273933
76982.0,Eddie Nketiah,ARS,F,6.0,1,0.05226754428045173,1,0.03888234190362186,0,0.0,0,0.0,1,0.026278989858606574,1,0.05399623150632982,0.17142510754900997
92386.0,Matt Targett,NEW,D,4.5,0,0.0,0,0.0,1,0.024568038753559673,2,0.056622588136470545,2,0.05307978131294035,2,0.031275709961839385,0.16554611816480996
2818756.0,David Datro Fofana,CHE,F,5.5,0,0.0,0,0.0,0,0.0,1,0.03724227509891293,1,0.04229639997714467,2,0.08290371941396367,0.1624423944900213
3556531.0,Mahmoud Dahoud,BHA,M,4.5,0,0.0,0,0.0,1,0.015956412574680282,1,0.03198507418108456,2,0.051738804619750126,2,0.041735694285269166,0.14141598566078414
176648.0,Kalvin Phillips,MCI,M,5.0,0,0.0,0,0.0,0,0.0,1,0.0358577085466131,1,0.023255516440718445,2,0.05723778360152907,0.1163510085888606
131350.0,Jamal Lewis,NEW,D,4.5,0,0.0,0,0.0,0,0.0,1,0.03076534333502221,1,0.0287717284281575,2,0.03464518357035824,0.09418225533353795
2840080.0,Andrey Santos,CHE,M,4.5,0,0.0,0,0.0,0,0.0,1,0.02375700102700646,0,0.0,2,0.05060452375437621,0.07436152478138267
3709125.0,Lewis Miley,NEW,M,5.0,0,0.0,0,0.0,0,0.0,0,0.0,0,0.0,3,0.058354570028745306,0.058354570028745306
3663310.0,Hannibal Mejbri,MUN,M,4.5,0,0.0,0,0.0,0,0.0,0,0.0,1,0.025238413210288493,1,0.025378085796583544,0.05061649900687204
3879580.0,Corrie Ndaba,IPS,D,4.0,0,0.0,0,0.0,0,0.0,0,0.0,1,0.0227694748390082,1,0.01857483179771402,0.04134430663672222
2930179.0,Harry Souttar,LEI,D,4.0,0,0.0,0,0.0,0,0.0,0,0.0,1,0.02352000498306728,1,0.01012557816938597,0.03364558315245325
3879563.0,Nathan Broadhead,IPS,M,5.5,0,0.0,0,0.0,0,0.0,0,0.0,0,0.0,1,0.033627447417281214,0.033627447417281214
262883.0,Jay Stansfield,FUL,F,5.0,0,0.0,0,0.0,0,0.0,0,0.0,0,0.0,1,0.03223004141281794,0.03223004141281794
3893798.0,Carlos Miguel,FOR,G,4.0,0,0.0,0,0.0,0,0.0,0,0.0,0,0.0,0,0.0,0.0
3893797.0,Michael Golding,LEI,M,4.5,0,0.0,0,0.0,0,0.0,0,0.0,0,0.0,0,0.0,0.0
3647913.0,Deivid Washington,CHE,F,5.0,0,0.0,0,0.0,0,0.0,0,0.0,0,0.0,0,0.0,0.0
3879490.0,Lucas Bergvall,TOT,M,4.5,0,0.0,0,0.0,0,0.0,0,0.0,0,0.0,0,0.0,0.0
77662.0,Martin Dúbravka,NEW,G,5.0,0,0.0,0,0.0,0,0.0,0,0.0,0,0.0,0,0.0,0.0
3879491.0,Joe Gauci,AVL,G,4.5,0,0.0,0,0.0,0,0.0,0,0.0,0,0.0,0,0.0,0.0
3879502.0,Tom King,WOL,G,4.0,0,0.0,0,0.0,0,0.0,0,0.0,0,0.0,0,0.0,0.0
3894951.0,Sávio,MCI,M,6.5,0,0.0,0,0.0,0,0.0,0,0.0,0,0.0,0,0.0,0.0
1783669.0,Tyler Adams,BOU,M,4.5,0,0.0,0,0.0,0,0.0,0,0.0,0,0.0,0,0.0,0.0
3879504.0,Rodrigo Gomes,WOL,M,5.0,0,0.0,0,0.0,0,0.0,0,0.0,0,0.0,0,0.0,0.0
3811257.0,Omari Kellyman,CHE,M,4.5,0,0.0,0,0.0,0,0.0,0,0.0,0,0.0,0,0.0,0.0
3639127.0,Ben Doak,LIV,M,5.0,0,0.0,0,0.0,0,0.0,0,0.0,0,0.0,0,0.0,0.0
3584350.0,Wes Foderingham,WHU,G,4.0,0,0.0,0,0.0,0,0.0,0,0.0,0,0.0,0,0.0,0.0
3879567.0,Cieran Slicker,IPS,G,4.0,0,0.0,0,0.0,0,0.0,0,0.0,0,0.0,0,0.0,0.0
272775.0,Jeremy Sarmiento,BHA,M,4.5,0,0.0,0,0.0,0,0.0,0,0.0,0,0.0,0,0.0,0.0
3430938.0,Samuel Amo-Ameyaw,SOU,M,4.5,0,0.0,0,0.0,0,0.0,0,0.0,0,0.0,0,0.0,0.0
2397561.0,Juan Larios,SOU,D,4.0,0,0.0,0,0.0,0,0.0,0,0.0,0,0.0,0,0.0,0.0
90843.0,Danny Ward,LEI,G,4.0,0,0.0,0,0.0,0,0.0,0,0.0,0,0.0,0,0.0,0.0
3893800.0,Renato Veiga,CHE,M,4.5,0,0.0,0,0.0,0,0.0,0,0.0,0,0.0,0,0.0,0.0
3893837.0,Nikola Milenković,FOR,D,4.5,0,0.0,0,0.0,0,0.0,0,0.0,0,0.0,0,0.0,0.0
426576.0,Evan Ferguson,BHA,F,6.0,0,0.0,0,0.0,0,0.0,0,0.0,0,0.0,0,0.0,0.0
2555820.0,Joseph Hodge,WOL,M,4.5,0,0.0,0,0.0,0,0.0,0,0.0,0,0.0,0,0.0,0.0
3762349.0,Cesare Casadei,CHE,M,4.5,0,0.0,0,0.0,0,0.0,0,0.0,0,0.0,0,0.0,0.0
3879503.0,Pedro Lima,WOL,D,4.5,0,0.0,0,0.0,0,0.0,0,0.0,0,0.0,0,0.0,0.0
3879578.0,Elkan Baggott,IPS,D,4.0,0,0.0,0,0.0,0,0.0,0,0.0,0,0.0,0,0.0,0.0
3893844.0,Leny Yoro,MUN,D,5.0,0,0.0,0,0.0,0,0.0,0,0.0,0,0.0,0,0.0,0.0
1783662.0,Facundo Pellistri,MUN,M,4.5,0,0.0,0,0.0,0,0.0,0,0.0,0,0.0,0,0.0,0.0
1727421.0,Sven Botman,NEW,D,5.0,0,0.0,0,0.0,0,0.0,0,0.0,0,0.0,0,0.0,0.0
3893794.0,Ronnie Edwards,SOU,D,4.0,0,0.0,0,0.0,0,0.0,0,0.0,0,0.0,0,0.0,0.0
45072.0,Jamaal Lascelles,NEW,D,5.0,0,0.0,0,0.0,0,0.0,0,0.0,0,0.0,0,0.0,0.0
3879517.0,Jakub Stolarczyk,LEI,G,4.0,0,0.0,0,0.0,0,0.0,0,0.0,0,0.0,0,0.0,0.0
176811.0,Tom Heaton,MUN,G,4.5,0,0.0,0,0.0,0,0.0,0,0.0,0,0.0,0,0.0,0.0
3879508.0,Mateusz Lis,SOU,G,4.0,0,0.0,0,0.0,0,0.0,0,0.0,0,0.0,0,0.0,0.0
1695161.0,Gavin Bazunu,SOU,G,4.5,0,0.0,0,0.0,0,0.0,0,0.0,0,0.0,0,0.0,0.0
3752688.0,Bobby Clark,LIV,M,4.5,0,0.0,0,0.0,0,0.0,0,0.0,0,0.0,0,0.0,0.0
132423.0,Kortney Hause,AVL,D,4.0,0,0.0,0,0.0,0,0.0,0,0.0,0,0.0,0,0.0,0.0
