Pos,ID,Name,BV,SV,Team,1_xMins,1_Pts,2_xMins,2_Pts,3_xMins,3_Pts,4_xMins,4_Pts,5_xMins,5_Pts,6_xMins,6_Pts,7_xMins,7_Pts,8_xMins,8_Pts,9_xMins,9_Pts,10_xMins,10_Pts,11_xMins,11_Pts,12_xMins,12_Pts
M,328.0,Mohamed Salah,12.0,12.0,Liverpool,83,7.10753484443671,75,6.750427752152084,67,5.409507545166549,69,6.092051890005253,67,6.0751549048754345,66,5.549512935321529,0,0,0,0,0,0,0,0,0,0,0,0
M,17.0,Bukayo Saka,10.5,10.5,Arsenal,83,7.461099207135466,84,5.581299928629393,83,6.577959664590415,84,5.565800827481547,85,4.103282329092079,81,7.255474579889995,0,0,0,0,0,0,0,0,0,0,0,0
F,351.0,Erling Haaland,14.0,14.0,Man City,87,5.93246559737103,80,7.980614997876219,77,6.172376980150293,75,6.561787376723085,75,4.234845123705642,74,5.322056031313387,0,0,0,0,0,0,0,0,0,0,0,0
M,503.0,Son Heung-min,9.5,9.5,Spurs,90,6.540361317367112,86,6.44914002052072,85,5.566348925675053,86,4.283783134609284,84,6.449468187931616,84,5.910779548137984,0,0,0,0,0,0,0,0,0,0,0,0
M,182.0,Cole Palmer,10.0,10.0,Chelsea,87,4.399586206099502,83,5.90827189845496,80,5.750699765755081,80,5.16163142081611,81,5.92469063079038,80,5.830105900775199,0,0,0,0,0,0,0,0,0,0,0,0
M,13.0,Martin Ødegaard,8.0,8.0,Arsenal,90,6.629354920532976,88,5.086051911303524,86,5.741784853495604,87,4.946503498790205,85,3.7516356338440255,84,6.339690091359446,0,0,0,0,0,0,0,0,0,0,0,0
M,366.0,Bruno Fernandes,8.5,8.5,Man Utd,91,6.201716272238527,88,4.937115031111518,87,4.685524036805962,85,5.66512607194572,85,4.785113968869041,84,5.435337071454992,0,0,0,0,0,0,0,0,0,0,0,0
F,58.0,Ollie Watkins,9.5,9.5,Aston Villa,90,5.461825209163799,88,3.7748616272350857,87,5.328385071719887,85,5.212059050848116,86,5.841189569164158,85,5.420588077240192,0,0,0,0,0,0,0,0,0,0,0,0
M,348.0,Phil Foden,10.0,10.0,Man City,80,4.819199535052462,76,6.634445609807009,74,5.138919948477189,72,5.610188048298832,72,3.7275059826360257,72,4.5434576780470834,0,0,0,0,0,0,0,0,0,0,0,0
M,199.0,Eberechi Eze,7.0,7.0,Crystal Palace,83,4.516978539788719,79,5.376492893101895,78,4.029161467021004,75,5.102571998590651,76,4.908815158328851,76,4.119888134957717,0,0,0,0,0,0,0,0,0,0,0,0
G,15.0,David Raya,6.0,6.0,Arsenal,93,5.056308210475863,92,4.35673829799568,91,4.8643762758033,91,4.224612067433016,89,3.983080372937295,89,5.005521469792622,0,0,0,0,0,0,0,0,0,0,0,0
F,82.0,Dominic Solanke,7.5,7.5,Bournemouth,91,4.505154513855708,87,4.854927719499576,86,4.329576396176964,84,4.584200528869829,82,3.69611704803333,81,5.178593903921879,0,0,0,0,0,0,0,0,0,0,0,0
G,310.0,Alisson,6.0,6.0,Liverpool,93,4.796427296156245,92,4.470231896558103,92,4.308046298682805,92,4.42046101658952,92,4.477826090557192,92,4.4675891720781,0,0,0,0,0,0,0,0,0,0,0,0
M,514.0,Jarrod Bowen,8.0,8.0,West Ham,89,5.217718439228966,86,4.437167054133272,84,3.637935054410241,83,4.533937411674247,82,4.586329200790805,81,4.3975068705734985,0,0,0,0,0,0,0,0,0,0,0,0
F,401.0,Alexander Isak,8.5,8.5,Newcastle,85,5.756048760947861,82,4.269397010266646,79,4.710000185562533,76,4.357039527984858,76,4.166878401545327,77,3.3614056695221524,0,0,0,0,0,0,0,0,0,0,0,0
M,345.0,Kevin De Bruyne,9.0,9.0,Man City,75,4.185577599363835,68,5.484776641529467,66,4.285844245519302,67,4.811707624391648,68,3.3241675312833907,64,3.77469287182612,0,0,0,0,0,0,0,0,0,0,0,0
M,,Pascal Groß,7.0,7.0,Brighton,88,4.279963783863765,84,4.778016761637318,84,3.060264725390023,82,5.209255148753223,81,4.41169688905229,81,3.783170150992893,0,0,0,0,0,0,0,0,0,0,0,0
G,413.0,Nick Pope,5.5,5.5,Newcastle,94,4.643244840877826,93,4.2215709612401815,91,4.019717217287779,91,4.294207046620427,91,4.272848501726809,92,4.017754369661232,0,0,0,0,0,0,0,0,0,0,0,0
F,108.0,Ivan Toney,7.5,7.5,Brentford,91,4.636002806839139,87,3.52635301734933,84,5.149842088068409,84,2.999976926622677,85,4.019853027665887,83,4.997185391078276,0,0,0,0,0,0,0,0,0,0,0,0
M,398.0,Anthony Gordon,8.0,8.0,Newcastle,85,5.3713398515239685,84,3.9982430164744,80,4.293448005939379,81,4.252846764591123,79,4.005764520496334,78,3.094157791860469,0,0,0,0,0,0,0,0,0,0,0,0
G,248.0,Bernd Leno,5.0,5.0,Fulham,94,4.155622265433079,93,4.473710278635008,92,4.504036790606792,92,4.113456692982244,91,3.8342183671141994,92,3.916669372351068,0,0,0,0,0,0,0,0,0,0,0,0
M,16.0,Declan Rice,7.0,7.0,Arsenal,79,4.674859305491758,84,4.013136117382431,82,4.410707798985069,81,3.8087425176107623,80,3.11394077032834,79,4.776838791605106,0,0,0,0,0,0,0,0,0,0,0,0
G,91.0,Mark Flekken,4.5,4.5,Brentford,94,4.252385276689342,92,4.020521731221359,92,4.456624533849937,91,3.942060448854729,92,3.89727859194573,92,4.1385819655219445,0,0,0,0,0,0,0,0,0,0,0,0
G,383.0,André Onana,5.5,5.5,Man Utd,93,4.270234710356467,93,4.2394095072069415,92,3.957142791456714,92,4.278292860223888,91,4.018445382316292,91,3.8480076193515744,0,0,0,0,0,0,0,0,0,0,0,0
G,443.0,Matz Sels,4.5,4.5,Nott'm Forest,93,4.055731437927437,93,4.213658695712753,92,4.240127239151784,91,3.694449736512427,91,4.001463243988133,91,4.127488722827209,0,0,0,0,0,0,0,0,0,0,0,0
D,3.0,Gabriel Dos Santos,6.0,6.0,Arsenal,90,5.258489732965291,86,3.689560545236103,81,4.441747504845662,81,3.312180212586597,78,2.547005176648586,77,4.877340467042291,0,0,0,0,0,0,0,0,0,0,0,0
F,4.0,Kai Havertz,8.5,8.5,Arsenal,78,5.001124481020477,76,3.864773997826666,74,4.263079513582615,72,3.6227639363789783,69,2.69826354130746,70,4.668332818740339,0,0,0,0,0,0,0,0,0,0,0,0
D,311.0,Trent Alexander-Arnold,6.5,6.5,Liverpool,86,4.767568513970873,79,4.438020886432006,72,3.328925764111515,70,3.974454423057365,70,3.919612268204296,70,3.6526892417004495,0,0,0,0,0,0,0,0,0,0,0,0
M,433.0,Morgan Gibbs-White,6.5,6.5,Nott'm Forest,84,4.327299364006688,83,4.3610464747296085,80,4.555336798288902,78,3.1039737543703585,76,3.4941599302362176,76,4.198741214720283,0,0,0,0,0,0,0,0,0,0,0,0
G,508.0,Guglielmo Vicario,5.0,5.0,Spurs,94,4.339651305910695,92,4.148679025560968,92,3.7455804740192593,92,3.60656012343005,91,4.071550527293428,92,4.021243867540624,0,0,0,0,0,0,0,0,0,0,0,0
G,47.0,Emiliano Martínez,5.0,5.0,Aston Villa,94,3.830733378377943,93,3.439365117009209,92,4.083119889417796,91,3.94782304942631,90,4.052729555479157,90,4.261431958282302,0,0,0,0,0,0,0,0,0,0,0,0
G,235.0,Jordan Pickford,5.0,5.0,Everton,94,4.14043314671996,93,3.6240525069930656,92,3.971414594586903,92,3.6482344911153417,92,4.152650500879057,92,4.027867122241753,0,0,0,0,0,0,0,0,0,0,0,0
G,513.0,Alphonse Areola,4.5,4.5,West Ham,92,3.9283180627056633,92,4.047270212568661,90,3.901841179734928,88,4.019522712285007,88,3.717587198683885,87,3.8244867566595646,0,0,0,0,0,0,0,0,0,0,0,0
M,327.0,Luis Díaz,8.0,8.0,Liverpool,67,4.216917957780267,64,4.173433121732613,63,3.626442151088941,61,3.870038805439527,61,3.889736987719396,60,3.608172545310452,0,0,0,0,0,0,0,0,0,0,0,0
M,372.0,Alejandro Garnacho,7.0,7.0,Man Utd,80,4.481153179687572,78,3.6757207158936738,75,3.449556234902753,74,4.162495953156151,73,3.5170917994437496,72,3.844726597951295,0,0,0,0,0,0,0,0,0,0,0,0
M,360.0,Rodri,7.0,7.0,Man City,84,3.5729987942902084,83,4.804963415506862,80,3.8867802807146985,80,4.210279070146057,81,3.156151852605122,79,3.495334913596196,0,0,0,0,0,0,0,0,0,0,0,0
G,293.0,Mads Hermansen,4.5,4.5,Leicester,94,3.851657430174328,92,4.058409515934431,90,3.7698238704867295,90,3.8834287458907895,89,3.925871763553466,89,3.595527664148082,0,0,0,0,0,0,0,0,0,0,0,0
G,554.0,José Sá,4.5,4.5,Wolves,94,3.75778540770565,92,3.770921890645652,92,3.830050559126717,91,3.7577785630112728,91,3.807065131380101,92,3.927783274132533,0,0,0,0,0,0,0,0,0,0,0,0
G,469.0,Alex McCarthy,4.0,4.0,Southampton,93,3.5489279519119505,94,3.756031230743535,92,3.666459382242692,92,3.81924236656159,92,4.32474532357983,91,3.689047263964138,0,0,0,0,0,0,0,0,0,0,0,0
M,394.0,Bruno Guimarães,6.5,6.5,Newcastle,90,4.725538570244784,87,3.700341383074721,83,3.804599667721829,81,3.7670903954600057,82,3.7014424410487385,82,3.028814164873661,0,0,0,0,0,0,0,0,0,0,0,0
M,329.0,Alexis Mac Allister,6.0,6.0,Liverpool,88,4.013387406016975,86,3.961918348914203,84,3.4899157059250783,83,3.7524632546490464,82,3.7141754962994487,84,3.623679734507202,0,0,0,0,0,0,0,0,0,0,0,0
M,181.0,Christopher Nkunku,7.0,7.0,Chelsea,70,3.1101088131875763,69,4.083749961535176,67,4.081562622995559,65,3.551501082920557,65,3.9155497850913257,62,3.784546430288136,0,0,0,0,0,0,0,0,0,0,0,0
M,99.0,Bryan Mbeumo,7.0,7.0,Brentford,77,4.113874220217867,73,3.094229579590315,73,4.596010423305314,70,2.629262515626007,71,3.4317080441498367,70,4.228611305344836,0,0,0,0,0,0,0,0,0,0,0,0
M,48.0,John McGinn,6.0,6.0,Aston Villa,88,3.833868493903655,86,2.8264355052207666,83,3.739997714755862,83,3.7610485158804554,81,3.94262867881687,82,3.8879723605422303,0,0,0,0,0,0,0,0,0,0,0,0
M,136.0,Kaoru Mitoma,6.5,6.5,Brighton,82,3.7101300684922434,79,4.21651241275548,78,2.6235475086621576,75,4.489206977715911,73,3.7556133936920992,72,3.187179857811567,0,0,0,0,0,0,0,0,0,0,0,0
M,230.0,Dwight McNeil,6.0,6.0,Everton,87,3.9107790314343287,84,3.4454855248577165,81,3.76331340001768,80,3.4089150488485696,79,3.72425974779925,79,3.660814310301773,0,0,0,0,0,0,0,0,0,0,0,0
D,18.0,William Saliba,6.0,6.0,Arsenal,92,4.500164718334338,88,3.236478032288702,87,4.027722752954274,85,2.944296947087946,85,2.44161116135914,83,4.354386152388278,0,0,0,0,0,0,0,0,0,0,0,0
D,339.0,Virgil van Dijk,6.0,6.0,Liverpool,91,4.032307585621886,88,3.8333397981868313,85,3.014395189433705,83,3.6700481077825664,82,3.563678980372332,82,3.3731109319506376,0,0,0,0,0,0,0,0,0,0,0,0
M,247.0,Alex Iwobi,5.5,5.5,Fulham,80,3.456574278057471,78,3.990537632138903,75,3.637896246066029,76,3.8047571940114255,74,3.332264946986632,74,3.1206460255634423,0,0,0,0,0,0,0,0,0,0,0,0
F,447.0,Chris Wood,6.5,6.5,Nott'm Forest,82,3.864271100269936,78,3.793725230276792,75,3.8910237730094623,75,2.8801451648238388,74,3.1467290604919627,75,3.7372754321094046,0,0,0,0,0,0,0,0,0,0,0,0
D,24.0,Ben White,6.5,6.5,Arsenal,85,4.457644645543224,83,3.197531338659036,81,3.952352158640504,79,2.883329161866246,78,2.307725750832218,77,4.320815261488323,0,0,0,0,0,0,0,0,0,0,0,0
G,185.0,Robert Sánchez,5.0,5.0,Chelsea,76,3.3529141232164044,75,3.665260843006101,75,3.67614522412309,72,3.4164468559657832,71,3.3634747668327885,69,3.5142285191263745,0,0,0,0,0,0,0,0,0,0,0,0
M,342.0,Bernardo Silva,6.5,6.5,Man City,77,3.1845562063182,75,4.336220415804243,76,3.59389513403494,75,3.881175625667373,74,2.783384070606862,74,3.17144253003819,0,0,0,0,0,0,0,0,0,0,0,0
M,385.0,Marcus Rashford,7.5,7.5,Man Utd,71,4.035859848672083,66,3.2274735164605963,66,3.10515577180502,64,3.6643807638810606,66,3.2428320199119267,64,3.490068612546666,0,0,0,0,0,0,0,0,0,0,0,0
F,251.0,Rodrigo Muniz,6.5,6.5,Fulham,70,3.416152283286876,69,3.914963273797307,66,3.534333445224044,64,3.64427181567885,63,3.2489929188114925,62,2.9055086251926774,0,0,0,0,0,0,0,0,0,0,0,0
D,350.0,Joško Gvardiol,6.0,6.0,Man City,75,2.8633708484046907,72,4.62703799480501,70,3.464106876421902,71,3.987424502956476,69,2.7665535362928235,67,2.735617929453148,0,0,0,0,0,0,0,0,0,0,0,0
F,207.0,Jean-Philippe Mateta,7.5,7.5,Crystal Palace,37,1.5448108894560846,57,3.4914422406858456,73,3.4403614875729627,71,4.250391971423,74,4.20257099495574,72,3.491975296474712,0,0,0,0,0,0,0,0,0,0,0,0
D,495.0,Pedro Porro,5.5,5.5,Spurs,90,4.204263149545733,85,4.035740962569227,83,2.6807277590610648,81,2.244330229648353,81,3.921945649650607,82,3.239579470239049,0,0,0,0,0,0,0,0,0,0,0,0
M,550.0,Hwang Hee-chan,6.5,6.5,Wolves,77,2.6705621495745886,74,3.742415557384608,72,3.498446222505096,71,3.7294675775670494,71,3.4701798928420216,71,3.2141822859737093,0,0,0,0,0,0,0,0,0,0,0,0
M,525.0,Kudus Mohammed,7.0,7.0,West Ham,88,4.014961011083645,81,3.348624814377259,80,2.7351122893311084,79,3.4768202689436225,77,3.3724184164431903,76,3.3146850658455342,0,0,0,0,0,0,0,0,0,0,0,0
M,28.0,Leon Bailey,7.0,7.0,Aston Villa,75,3.655280406323263,71,2.461866137431731,70,3.5426789601158126,68,3.4392772919410786,66,3.6862218720342232,64,3.4333653972665243,0,0,0,0,0,0,0,0,0,0,0,0
M,240.0,Andreas Pereira,6.0,6.0,Fulham,71,3.165856579189577,70,3.7075513224851737,70,3.518299288350861,70,3.695729195171508,69,3.166989928279474,67,2.864151997736683,0,0,0,0,0,0,0,0,0,0,0,0
M,434.0,Callum Hudson-Odoi,5.5,5.5,Nott'm Forest,78,3.666439544988453,73,3.567718308585952,73,3.780421249175391,71,2.66912573693359,69,2.9469098725711915,68,3.403290445864205,0,0,0,0,0,0,0,0,0,0,0,0
M,9.0,Martinelli,7.5,7.5,Arsenal,56,3.9711454145881535,56,3.1433802154513475,55,3.5240286608248867,54,2.961144813196177,53,2.288695003387532,53,3.85559915475105,0,0,0,0,0,0,0,0,0,0,0,0
M,217.0,Abdoulaye Doucouré,6.0,6.0,Everton,81,3.4846379919129697,78,3.0416325841090885,76,3.3948009227278737,74,3.0126627087304856,74,3.3756528817480755,75,3.341293360506939,0,0,0,0,0,0,0,0,0,0,0,0
D,335.0,Andrew Robertson,6.0,6.0,Liverpool,45,2.002276511637054,67,3.564979672271128,76,3.147611069033051,73,3.747181402688057,73,3.6773352880525234,73,3.4577828835586626,0,0,0,0,0,0,0,0,0,0,0,0
M,491.0,Brennan Johnson,7.0,7.0,Spurs,65,3.4793388241352723,66,3.51207071969263,68,3.1499079927081097,65,2.428612652130596,64,3.527713490061599,66,3.294463586557752,0,0,0,0,0,0,0,0,0,0,0,0
G,201.0,Dean Henderson,4.5,4.5,Crystal Palace,74,3.2209158411317285,73,3.3505807503733105,72,2.868808021615994,72,3.6017911465399237,68,3.159326309336908,69,3.113469260800018,0,0,0,0,0,0,0,0,0,0,0,0
M,298.0,Stephy Mavididi,6.0,6.0,Leicester,78,3.5946891929074587,76,3.318034790044264,74,3.538776062672786,73,3.0685841069271835,71,3.409464591382707,69,2.2622219638993712,0,0,0,0,0,0,0,0,0,0,0,0
M,531.0,James Ward-Prowse,6.5,6.5,West Ham,77,3.6262096686133183,71,3.1186004936663987,72,2.684026764041578,71,3.2549730978975857,71,3.2168988068775684,72,3.244574899639193,0,0,0,0,0,0,0,0,0,0,0,0
F,129.0,João Pedro,6.0,6.0,Brighton,71,3.2625741506060097,69,3.7463324518328074,65,2.217963320286126,64,3.7978552998048376,61,3.125069734117086,61,2.768288552567705,0,0,0,0,0,0,0,0,0,0,0,0
M,494.0,James Maddison,7.5,7.5,Spurs,69,3.595442331565039,66,3.4769596877235136,64,2.9163761283613026,65,2.3316176281723857,65,3.52296007701708,62,3.0657729323132217,0,0,0,0,0,0,0,0,0,0,0,0
F,453.0,Adam Armstrong,6.0,6.0,Southampton,72,3.022895683959764,69,3.2287954784648747,67,2.9164490588975696,66,3.316694938533089,65,3.548334267380087,65,2.821290843534616,0,0,0,0,0,0,0,0,0,0,0,0
M,168.0,Enzo Fernández,5.5,5.5,Chelsea,83,2.621255907049957,84,3.379483682936377,81,3.351840608115815,79,3.000159026404065,80,3.288971739260809,78,3.1740089562864955,0,0,0,0,0,0,0,0,0,0,0,0
D,361.0,Rúben Dias,6.0,6.0,Man City,71,2.545183267054842,71,4.152636030667668,70,3.185122984466648,68,3.537594113436365,68,2.616340434068245,65,2.46511052449642,0,0,0,0,0,0,0,0,0,0,0,0
F,541.0,Matheus Cunha,7.0,7.0,Wolves,78,2.449524754364392,74,3.371357447653986,73,3.166128475375695,72,3.407041483406837,71,3.154865320559101,70,2.9047499356598045,0,0,0,0,0,0,0,0,0,0,0,0
F,180.0,Nicolas Jackson,8.0,8.0,Chelsea,60,2.490562284929214,61,3.3002595403384456,59,3.264610154813026,58,2.91096369583688,58,3.2120605353685017,59,3.2264579565005085,0,0,0,0,0,0,0,0,0,0,0,0
M,149.0,Mats Wieffer,4.5,4.5,Brighton,81,3.155724069047492,78,3.3582761031876407,76,2.35481696795642,74,3.6117148487011943,75,3.167591363447076,74,2.712465883975788,0,0,0,0,0,0,0,0,0,0,0,0
M,368.0,Casemiro,5.5,5.5,Man Utd,83,3.4717179636308795,81,2.9525819019598902,79,2.735559195309844,78,3.2935387286953905,76,2.8956405922967634,73,2.8576237538998703,0,0,0,0,0,0,0,0,0,0,0,0
M,274.0,Omari Hutchinson,5.5,5.5,Ipswich,79,2.9546342335334472,79,2.359580644360556,75,3.436560028707721,75,2.854012646388971,74,3.274802798412096,74,3.280605226972977,0,0,0,0,0,0,0,0,0,0,0,0
G,84.0,Mark Travers,4.0,4.0,Bournemouth,63,3.031078003717836,62,2.940319624704959,61,3.0443288407188844,61,2.881751608881786,59,2.8865504052231,60,3.304459371802196,0,0,0,0,0,0,0,0,0,0,0,0
M,223.0,James Garner,5.0,5.0,Everton,82,3.13041594997597,80,2.807560979988568,79,3.1035699411290487,76,2.783459188186029,75,3.0625926113004014,78,3.0814040021504208,0,0,0,0,0,0,0,0,0,0,0,0
M,54.0,Morgan Rogers,5.0,5.0,Aston Villa,74,3.139502823048393,73,2.2486079704187,71,3.1241030014979336,69,3.0379727579304934,68,3.247457605009997,68,3.1633350888741503,0,0,0,0,0,0,0,0,0,0,0,0
D,211.0,Daniel Muñoz,4.5,4.5,Crystal Palace,88,2.882569588835665,85,3.500761675553884,81,1.979304271552496,80,3.7322357279647007,78,3.046539654702904,78,2.7307679499407533,0,0,0,0,0,0,0,0,0,0,0,0
M,432.0,Anthony Elanga,6.0,6.0,Nott'm Forest,62,3.084593335624937,62,3.1676366221028043,60,3.2603906822731044,61,2.411131487142612,60,2.682402249469264,59,3.067889951218598,0,0,0,0,0,0,0,0,0,0,0,0
M,265.0,Conor Chaplin,6.0,6.0,Ipswich,80,2.935702627776637,75,2.18433380754048,74,3.420943737538252,72,2.709653693857044,72,3.1963526598915086,71,3.1554106194038964,0,0,0,0,0,0,0,0,0,0,0,0
D,415.0,Fabian Schär,6.0,6.0,Newcastle,90,4.181155291596877,87,2.722315757891718,86,2.75820182180104,84,3.1379905222264792,84,2.9077857756586782,82,1.8598133664039052,0,0,0,0,0,0,0,0,0,0,0,0
F,220.0,Dominic Calvert-Lewin,6.0,6.0,Everton,68,3.26026266173336,63,2.826172039219661,61,3.0501854784390314,59,2.698056593943507,58,2.875520303433422,55,2.6921693700674547,0,0,0,0,0,0,0,0,0,0,0,0
M,78.0,Antoine Semenyo,6.0,6.0,Bournemouth,67,2.9206247539375214,65,3.0807280843782863,63,2.795230445667145,62,2.8666527085420186,60,2.287507618887753,60,3.410218256946231,0,0,0,0,0,0,0,0,0,0,0,0
D,505.0,Iyenoma Udogie,5.0,5.0,Spurs,86,3.6047272134051394,83,3.535304288765648,82,2.23481460729104,80,1.900438078739886,78,3.371966985958048,76,2.676001064997409,0,0,0,0,0,0,0,0,0,0,0,0
F,316.0,Darwin Núñez,8.0,8.0,Liverpool,46,2.670404893775734,47,2.871721534045728,47,2.499501765203098,48,3.031801790171839,50,3.2493631474085904,49,2.961067549973332,0,0,0,0,0,0,0,0,0,0,0,0
M,530.0,Tomáš Souček,5.5,5.5,West Ham,79,3.288170483513744,72,2.858812195941726,70,2.383283685861512,69,2.8853430826869477,69,2.796357401317945,69,2.83868596599982,0,0,0,0,0,0,0,0,0,0,0,0
D,363.0,Kyle Walker,6.0,6.0,Man City,66,2.3650261784828706,63,3.6895851324762168,64,2.909305678248875,62,3.211506548295241,63,2.428289713801491,61,2.296489445049729,0,0,0,0,0,0,0,0,0,0,0,0
D,191.0,Joachim Andersen,4.5,4.5,Crystal Palace,92,2.6522815586916866,89,3.19555588761803,87,1.7447794581257652,87,3.574183456946008,87,2.883864618547886,86,2.66341544617562,0,0,0,0,0,0,0,0,0,0,0,0
D,236.0,James Tarkowski,4.5,4.5,Everton,89,3.0817754733861165,88,1.9841063055101351,86,3.0717530602719822,85,2.228075260809911,84,3.21602051980048,82,3.0959229926604044,0,0,0,0,0,0,0,0,0,0,0,0
D,120.0,Lewis Dunk,4.5,4.5,Brighton,91,2.8894721506912537,89,3.185933526527708,88,1.4426506579083451,86,4.052834553429056,84,3.150239078285192,84,1.887022513713108,0,0,0,0,0,0,0,0,0,0,0,0
M,205.0,Daichi Kamada,5.5,5.5,Crystal Palace,62,2.722858506375226,60,2.982043749117779,60,2.439961509501376,59,3.0235301349612485,60,2.865233941372069,58,2.545679650491411,0,0,0,0,0,0,0,0,0,0,0,0
F,512.0,Michail Antonio,6.0,6.0,West Ham,68,3.1907213363420235,65,2.720542587429995,65,2.2760423666909904,63,2.8026014865880224,62,2.780356263165776,63,2.767393122704742,0,0,0,0,0,0,0,0,0,0,0,0
M,63.0,Ryan Christie,5.0,5.0,Bournemouth,77,2.8249629570470045,75,2.863127331049589,72,2.727731080301928,71,2.675208953807177,71,2.313914785706677,68,3.108683833721814,0,0,0,0,0,0,0,0,0,0,0,0
M,71.0,Justin Kluivert,6.0,6.0,Bournemouth,66,2.7652924701753707,64,2.924786330256544,64,2.716231809262868,60,2.675832467479462,55,2.0069301593932587,57,3.151781483488989,0,0,0,0,0,0,0,0,0,0,0,0
D,498.0,Cristian Romero,5.0,5.0,Spurs,91,3.4352637110419875,88,3.40576256463301,84,1.936412007358783,84,1.7408009071791248,82,3.182540311681728,82,2.516700264312572,0,0,0,0,0,0,0,0,0,0,0,0
M,309.0,Harry Winks,4.5,4.5,Leicester,90,2.7653405732285514,86,2.812495732751998,84,2.7183609789451464,83,2.6533730632574537,83,2.860681163703114,82,2.286940302159537,0,0,0,0,0,0,0,0,0,0,0,0
M,216.0,Adam Wharton,5.0,5.0,Crystal Palace,82,2.747113259546886,76,2.855317999519957,76,2.368231930913552,74,2.894834266381093,75,2.718668068294911,71,2.478973436408089,0,0,0,0,0,0,0,0,0,0,0,0
D,231.0,Vitaliy Mykolenko,4.5,4.5,Everton,88,3.0089265715706106,86,1.982807928410072,84,2.933512974229499,82,2.178357638342433,81,3.0240284953902954,79,2.917454316520628,0,0,0,0,0,0,0,0,0,0,0,0
M,64.0,Lewis Cook,5.0,5.0,Bournemouth,87,2.785814148852424,85,2.7212524506234943,81,2.7033822071921723,81,2.5784355995317503,79,2.2909645370092027,77,2.9369838707104226,0,0,0,0,0,0,0,0,0,0,0,0
D,341.0,Nathan Aké,6.0,6.0,Man City,52,2.16361622755768,51,3.403890844958439,52,2.694118259832965,54,3.168053374312993,51,2.172816530670868,54,2.302350262589397,0,0,0,0,0,0,0,0,0,0,0,0
M,317.0,Diogo Jota,7.5,7.5,Liverpool,45,2.491894227904813,46,2.648626196550026,48,2.7139376388772014,48,2.980458768913381,47,2.671551240581785,46,2.3938832528192715,0,0,0,0,0,0,0,0,0,0,0,0
D,340.0,Manuel Akanji,6.0,6.0,Man City,54,2.13783527050451,55,3.506355252901687,54,2.676344555518798,53,2.973209737513849,55,2.2663591462230257,55,2.227907825911683,0,0,0,0,0,0,0,0,0,0,0,0
M,57.0,Youri Tielemans,5.5,5.5,Aston Villa,65,2.8635164466955185,61,2.003655142035635,62,2.731440739243192,58,2.6631182698852744,57,2.797588209972512,57,2.6915667659379547,0,0,0,0,0,0,0,0,0,0,0,0
D,200.0,Marc Guéhi,4.5,4.5,Crystal Palace,91,2.510945389096485,89,3.006861572240969,86,1.67701258955628,85,3.3220305304897018,85,2.689214133544261,85,2.5155053622706824,0,0,0,0,0,0,0,0,0,0,0,0
D,425.0,Willy Boly,4.5,4.5,Nott'm Forest,85,2.962903395849087,81,3.026729154656416,77,3.197544951875863,75,1.3566351098606808,75,2.2732671288854616,73,2.8984393521012546,0,0,0,0,0,0,0,0,0,0,0,0
D,44.0,Ezri Konsa,5.0,5.0,Aston Villa,90,2.447881462557709,88,1.5580347742553138,87,2.8355800691818955,86,2.830170105284051,84,3.011291694498731,83,2.9860243763485275,0,0,0,0,0,0,0,0,0,0,0,0
M,336.0,Dominik Szoboszlai,6.0,6.0,Liverpool,52,2.804735844022197,51,2.7774503336193432,49,2.363177782269183,52,2.75965097022331,49,2.574189645403116,48,2.3628354044905184,0,0,0,0,0,0,0,0,0,0,0,0
D,436.0,Murillo,4.5,4.5,Nott'm Forest,90,2.8852025791939493,88,3.008290921092234,85,3.215409796067932,83,1.2919586590027103,82,2.2596100418687235,83,2.9763622560131933,0,0,0,0,0,0,0,0,0,0,0,0
M,101.0,Christian Nørgaard,5.0,5.0,Brentford,77,2.8923243421550158,75,2.294757195493526,72,3.084468089564252,71,2.066859000036083,70,2.38750431213294,69,2.8623173569520195,0,0,0,0,0,0,0,0,0,0,0,0
M,570.0,Abdul Fatawu Issahaku,6.0,6.0,Leicester,72,2.875753668725211,69,2.6766686508774,67,2.800143992819033,67,2.496748213319224,67,2.82592868817572,65,1.8857919923787176,0,0,0,0,0,0,0,0,0,0,0,0
D,326.0,Ibrahima Konaté,5.5,5.5,Liverpool,66,3.0362907407767805,63,2.812613253949337,59,2.1644073843506653,57,2.5979199660634165,58,2.5656953765328527,56,2.3814170446378915,0,0,0,0,0,0,0,0,0,0,0,0
D,244.0,Timothy Castagne,4.5,4.5,Fulham,78,2.2557327529138345,76,3.2426651823873973,73,2.9602420110260166,74,2.815942025981372,70,2.0236657574295367,69,2.1973905504676736,0,0,0,0,0,0,0,0,0,0,0,0
M,83.0,Marcus Tavernier,5.5,5.5,Bournemouth,62,2.6465145786862907,60,2.754227932158701,59,2.54564898945504,57,2.555250839999,56,2.090308809831642,53,2.894656082297044,0,0,0,0,0,0,0,0,0,0,0,0
M,410.0,Sean Longstaff,5.5,5.5,Newcastle,74,3.666561445625132,75,3.0125489353483537,52,2.335894518814147,51,2.3252502381672597,52,2.3008508068703635,50,1.7999235715050663,0,0,0,0,0,0,0,0,0,0,0,0
M,492.0,Dejan Kulusevski,7.0,7.0,Spurs,54,2.8917837982078862,51,2.7109472968977326,51,2.366473720865915,51,1.9267554160113332,52,2.844560430966504,53,2.6472753750513447,0,0,0,0,0,0,0,0,0,0,0,0
D,210.0,Tyrick Mitchell,4.5,4.5,Crystal Palace,85,2.448051024365749,83,2.930116793274171,82,1.659373387256216,82,3.2952210845562973,79,2.613120244183225,79,2.440582632074982,0,0,0,0,0,0,0,0,0,0,0,0
M,471.0,William Smallbone,5.5,5.5,Southampton,73,2.3259774891967946,71,2.612128983421341,70,2.4223378887814837,70,2.650715820057279,68,2.93889218755647,70,2.353318273970593,0,0,0,0,0,0,0,0,0,0,0,0
D,437.0,Neco Williams,4.5,4.5,Nott'm Forest,86,2.836789017915782,81,2.889219961272542,80,3.130591588894508,79,1.272129570052507,79,2.212143166104143,78,2.90258970859461,0,0,0,0,0,0,0,0,0,0,0,0
D,255.0,Antonee Robinson,4.5,4.5,Fulham,81,2.2149314931478328,78,3.225361253747528,75,2.9645995413669897,72,2.692420504821045,73,1.976170885380288,71,2.166554127462519,0,0,0,0,0,0,0,0,0,0,0,0
M,557.0,Mario Lemina,5.0,5.0,Wolves,89,2.319797989304935,84,2.6589502032009844,83,2.71969838943481,81,2.6614897801596937,78,2.524563247178386,77,2.327454376157724,0,0,0,0,0,0,0,0,0,0,0,0
F,268.0,Liam Delap,5.5,5.5,Ipswich,49,2.0828801566521284,55,1.924303741130612,57,2.957803408784329,56,2.425871219667383,59,2.9294061649347203,57,2.872557342171734,0,0,0,0,0,0,0,0,0,0,0,0
M,249.0,Saša Lukić,4.5,4.5,Fulham,80,2.49188036679444,77,2.80271021432972,74,2.6791065286653346,73,2.603211569234667,73,2.286192059586429,73,2.2899729747810924,0,0,0,0,0,0,0,0,0,0,0,0
D,245.0,Issa Diop,4.5,4.5,Fulham,91,2.122697912425969,88,3.177499428662765,86,2.964432012651981,86,2.710519550957963,84,1.888870057139624,84,2.192910119949484,0,0,0,0,0,0,0,0,0,0,0,0
M,264.0,Wes Burns,5.0,5.0,Ipswich,73,2.5122640134589287,69,1.9398309388069537,67,2.903279428120861,65,2.327601434560149,65,2.7185631998682065,62,2.582393563889536,0,0,0,0,0,0,0,0,0,0,0,0
D,422.0,Ola Aina,4.5,4.5,Nott'm Forest,85,2.7447254547721878,83,2.8581602602035168,80,3.0483278505547093,78,1.2449208424225175,77,2.147857171086732,77,2.7984363402773984,0,0,0,0,0,0,0,0,0,0,0,0
D,395.0,Dan Burn,5.5,5.5,Newcastle,81,3.5300325415538305,78,2.331172294753296,77,2.307043605142363,74,2.6574256339249707,72,2.424048484859256,72,1.591288357651984,0,0,0,0,0,0,0,0,0,0,0,0
M,222.0,Idrissa Gana Gueye,4.5,4.5,Everton,75,2.544768761730185,73,2.2640362684969277,72,2.5336739547950944,72,2.31699783377442,72,2.6189355080432413,71,2.513539779274096,0,0,0,0,0,0,0,0,0,0,0,0
M,95.0,Mathias Jensen,5.5,5.5,Brentford,68,2.7194761530208464,67,2.166569531135518,64,2.925794614195633,62,1.8773071663735748,62,2.250305543215788,62,2.720951370815206,0,0,0,0,0,0,0,0,0,0,0,0
M,206.0,Jefferson Lerma,4.5,4.5,Crystal Palace,68,2.433525816643993,66,2.6125036882270964,66,2.1482065234585863,65,2.66929667689716,64,2.4455189560880943,63,2.3092281307870475,0,0,0,0,0,0,0,0,0,0,0,0
D,144.0,Jan Paul van Hecke,4.5,4.5,Brighton,90,2.603479988690698,88,2.790339429228509,85,1.2685915144182007,83,3.572426331091511,82,2.795307634450124,81,1.5881172294042152,0,0,0,0,0,0,0,0,0,0,0,0
M,278.0,Sam Morsy,5.0,5.0,Ipswich,90,2.2886041770952774,88,2.0900756882142195,87,2.790075318290949,86,2.343665964856243,84,2.642527895466848,83,2.4330826459071204,0,0,0,0,0,0,0,0,0,0,0,0
G,347.0,Ederson,6.0,6.0,Man City,75,3.403966900920995,61,3.800380436270027,45,1.890110876578068,43,1.8450409187675847,46,1.7824511362981228,45,1.7528430577513674,0,0,0,0,0,0,0,0,0,0,0,0
F,306.0,Jamie Vardy,6.0,6.0,Leicester,57,2.6791073174093114,56,2.4594906991893435,57,2.671851568098756,55,2.251153448175627,57,2.694122273723869,54,1.7131355401467632,0,0,0,0,0,0,0,0,0,0,0,0
M,346.0,Jeremy Doku,6.5,6.5,Man City,52,2.539411732070652,50,3.411523355834223,48,2.5926333237984647,47,2.520951633870354,45,1.5212037361317767,45,1.872942643980055,0,0,0,0,0,0,0,0,0,0,0,0
M,429.0,Danilo,4.5,4.5,Nott'm Forest,67,2.5158557905788097,66,2.5789468519967307,65,2.640200961802281,62,1.9282803679292908,64,2.224482005389867,64,2.5397436970543823,0,0,0,0,0,0,0,0,0,0,0,0
M,450.0,Carlos Alcaraz,4.5,4.5,Southampton,64,2.189976171298797,63,2.4794539972876275,62,2.2942457003539496,60,2.447485718671821,61,2.816059981447196,60,2.169639957069751,0,0,0,0,0,0,0,0,0,0,0,0
D,404.0,Lloyd Kelly,5.0,5.0,Newcastle,82,3.3856554833759214,80,2.2435037316953514,79,2.193394361025944,77,2.5919955609911915,78,2.42645953822627,76,1.538144260301947,0,0,0,0,0,0,0,0,0,0,0,0
D,418.0,Kieran Trippier,6.0,6.0,Newcastle,73,3.84907321572657,63,2.351133065684453,53,2.1276213308923206,54,2.424681827421449,52,2.1744348482106943,51,1.4409338020760474,0,0,0,0,0,0,0,0,0,0,0,0
D,241.0,Calvin Bassey,4.5,4.5,Fulham,89,2.010784868759504,86,3.0439176732599944,84,2.852049586991644,83,2.5664100079861822,82,1.7705716404925749,83,2.101269127023429,0,0,0,0,0,0,0,0,0,0,0,0
M,94.0,Vitaly Janelt,5.0,5.0,Brentford,71,2.617977070235112,69,2.1016798830003838,70,2.874461444891418,66,1.9189043059097404,66,2.2100999792420697,64,2.569881686764325,0,0,0,0,0,0,0,0,0,0,0,0
D,70.0,Milos Kerkez,4.5,4.5,Bournemouth,78,2.503925577217814,77,2.34664737908475,74,2.5043918880576514,72,2.1622120944250933,71,1.3782758022279973,72,3.3309950007479987,0,0,0,0,0,0,0,0,0,0,0,0
M,452.0,Joe Aribo,4.5,4.5,Southampton,72,2.1650949782296864,71,2.457782745422091,69,2.267007755613306,68,2.426507497731716,68,2.7614068631033524,66,2.128200301269432,0,0,0,0,0,0,0,0,0,0,0,0
F,321.0,Cody Gakpo,7.0,7.0,Liverpool,43,2.14021543515873,46,2.4241800890921774,48,2.501385220695238,47,2.416687821379917,46,2.348975892346815,47,2.2916763488755323,0,0,0,0,0,0,0,0,0,0,0,0
M,320.0,Wataru Endo,5.0,5.0,Liverpool,68,2.607792040193951,66,2.470569595779198,64,2.214086534110464,62,2.310190940741493,61,2.260738692307937,60,2.193203684938568,0,0,0,0,0,0,0,0,0,0,0,0
M,378.0,Kobbie Mainoo,5.5,5.5,Man Utd,77,2.650195650232548,74,2.28259322523676,72,2.0822268675733357,72,2.522915647900956,71,2.271822513523054,69,2.211585163851701,0,0,0,0,0,0,0,0,0,0,0,0
D,219.0,Jarrad Branthwaite,5.0,5.0,Everton,88,2.6016585794518385,86,1.5885653772546515,83,2.5498822416086795,82,1.8121672861454607,81,2.708807792894828,79,2.59843079196478,0,0,0,0,0,0,0,0,0,0,0,0
M,157.0,Moisés Caicedo,5.5,5.5,Chelsea,78,2.012806889011085,75,2.4010347680663817,76,2.4515977587198075,74,2.2457223948702483,76,2.431520831599076,74,2.312693410945037,0,0,0,0,0,0,0,0,0,0,0,0
D,104.0,Ethan Pinnock,4.5,4.5,Brentford,76,2.947326634891948,75,1.4571694650566802,71,3.30025554438455,71,1.2716514723586916,72,1.8630519879117051,71,2.94309074477732,0,0,0,0,0,0,0,0,0,0,0,0
M,254.0,Harrison Reed,4.5,4.5,Fulham,69,2.218280102878326,66,2.472470746076531,64,2.3784389073331105,66,2.3859275217610008,66,2.0991640269391625,62,2.0121565055441297,0,0,0,0,0,0,0,0,0,0,0,0
M,300.0,Wilfred Ndidi,5.0,5.0,Leicester,75,2.450790363065755,72,2.378460033745568,69,2.378887947787542,67,2.1503766133137376,66,2.3778697986604547,66,1.6908385881469663,0,0,0,0,0,0,0,0,0,0,0,0
D,79.0,Marcos Senesi,5.0,5.0,Bournemouth,87,2.3709522092088147,86,2.1277558889745065,83,2.465247613573017,79,1.9279320850519408,80,1.0958560850795684,79,3.2709439705322314,0,0,0,0,0,0,0,0,0,0,0,0
D,506.0,Micky van de Ven,5.0,5.0,Spurs,88,2.805372769806892,86,2.7957977725707344,83,1.508878957188002,82,1.496853903256481,81,2.594379749670508,80,2.0213770469744863,0,0,0,0,0,0,0,0,0,0,0,0
M,553.0,João Gomes,4.5,4.5,Wolves,88,2.01722183374671,85,2.274539706578513,83,2.368791060509704,82,2.2867757561315103,81,2.229011160644327,80,2.0405840447375305,0,0,0,0,0,0,0,0,0,0,0,0
M,23.0,Leandro Trossard,7.5,7.5,Arsenal,42,2.5451575714367136,44,2.054369560244482,43,2.3168994154159748,43,1.9357051908746128,44,1.4701198412308347,44,2.764833681712599,0,0,0,0,0,0,0,0,0,0,0,0
D,163.0,Marc Cucurella,5.0,5.0,Chelsea,74,1.465213234859589,73,2.4977649420850137,69,2.5871090518128828,67,2.006695443138358,65,2.1897951478744204,64,2.317368166095014,0,0,0,0,0,0,0,0,0,0,0,0
D,100.0,Ben Mee,4.5,4.5,Brentford,75,2.811413621336745,71,1.321095492468339,71,3.1829448972054863,72,1.194857548797345,70,1.7266102217038504,68,2.7498059023866834,0,0,0,0,0,0,0,0,0,0,0,0
M,169.0,Conor Gallagher,6.5,6.5,Chelsea,57,2.083067022620641,55,2.5507461843386725,49,2.274072522685985,49,2.07855199800656,48,2.154008521552474,47,1.7789236498975471,0,0,0,0,0,0,0,0,0,0,0,0
D,92.0,Rico Henry,4.0,4.0,Brentford,80,2.815485825974501,78,1.2734682001344493,75,3.190678852996696,75,1.1231051040882074,75,1.687849760280212,73,2.7829586090577787,0,0,0,0,0,0,0,0,0,0,0,0
D,85.0,Illia Zabarnyi,4.5,4.5,Bournemouth,91,2.335012292872769,88,1.99715739381248,86,2.3684692978726205,84,1.8791473440386424,85,1.1535080481026894,85,3.108824733402133,0,0,0,0,0,0,0,0,0,0,0,0
F,389.0,Joshua Zirkzee,6.5,6.5,Man Utd,50,2.490483255843233,50,2.156177584832199,50,2.09488993121278,49,2.4179999329161426,47,1.742246676356369,47,1.9162585188893408,0,0,0,0,0,0,0,0,0,0,0,0
M,259.0,Harry Wilson,5.5,5.5,Fulham,50,2.230347459144803,47,2.181092784201403,47,2.04725763286744,47,2.120308425707196,48,2.129740043516293,48,1.997335996396661,0,0,0,0,0,0,0,0,0,0,0,0
D,52.0,Pau Torres,5.0,5.0,Aston Villa,60,1.9894831733880731,60,1.350628969499842,61,2.337235488751073,57,2.221087537343136,57,2.3939016474382866,56,2.3467984194981266,0,0,0,0,0,0,0,0,0,0,0,0
G,142.0,Jason Steele,4.5,4.5,Brighton,81,3.5952455544950004,79,3.65007174278914,58,2.4610633564694666,27,1.0855823568505358,25,0.8773474978365053,28,0.9659403977413216,0,0,0,0,0,0,0,0,0,0,0,0
F,272.0,George Hirst,5.0,5.0,Ipswich,57,2.188373607433645,53,1.664757143503854,52,2.3935725396862786,50,1.9204650436989656,49,2.1467268554056,52,2.3166726771229262,0,0,0,0,0,0,0,0,0,0,0,0
M,499.0,Pape Matar Sarr,5.0,5.0,Spurs,59,2.324705690518743,59,2.3244802734904395,59,1.9667173694612847,60,1.7115806480062703,56,2.2324084452775588,55,2.0158598911377448,0,0,0,0,0,0,0,0,0,0,0,0
D,362.0,John Stones,6.0,6.0,Man City,48,1.7704440242877857,47,2.394453692688398,48,2.231434790437446,50,2.7238759033841164,47,1.453214688760487,50,1.9683776702180853,0,0,0,0,0,0,0,0,0,0,0,0
D,267.0,Leif Davis,5.0,5.0,Ipswich,85,1.657298310656922,84,0.8530738145740488,83,2.955635759497027,80,1.9893254230602444,80,2.672215564385483,77,2.336095028884309,0,0,0,0,0,0,0,0,0,0,0,0
D,380.0,Lisandro Martínez,5.0,5.0,Man Utd,83,2.6882840723340498,79,1.9523686347072613,79,1.3756772296656,76,2.515473179821797,76,2.0624670175401616,75,1.7865152426204554,0,0,0,0,0,0,0,0,0,0,0,0
F,352.0,Julián Álvarez,7.5,7.5,Man City,20,0.8696695590653856,34,2.1890203218992563,47,2.539992105603309,47,2.811824616952171,45,1.6821429310014024,46,2.2212807695892924,0,0,0,0,0,0,0,0,0,0,0,0
D,194.0,Chris Richards,4.5,4.5,Crystal Palace,53,1.8525172837117645,57,2.356986688187368,55,1.3935506512604283,56,2.6077140577161595,55,2.117060262200297,55,1.9783650307102396,0,0,0,0,0,0,0,0,0,0,0,0
D,387.0,Luke Shaw,5.5,5.5,Man Utd,81,2.723692233016158,77,1.9394687912214008,74,1.3642380479789966,72,2.4834429312038666,71,2.006129306553709,71,1.7817262219210328,0,0,0,0,0,0,0,0,0,0,0,0
G,358.0,Stefan Ortega,5.5,5.5,Man City,20,0.7656384784064298,34,1.565198360874546,48,2.591142527949009,50,2.950201092948885,47,1.9759389556795024,48,2.4020458057441187,0,0,0,0,0,0,0,0,0,0,0,0
D,377.0,Harry Maguire,5.0,5.0,Man Utd,77,2.6712161687289058,75,1.970526323039133,69,1.3682688156676104,70,2.482401320666457,67,1.9839083517482183,65,1.7331593358423834,0,0,0,0,0,0,0,0,0,0,0,0
D,93.0,Aaron Hickey,4.0,4.0,Brentford,83,2.75398415261063,79,1.1217480878946358,76,3.124447834357086,74,0.9737839949783358,73,1.5253717135937153,73,2.6984725356024835,0,0,0,0,0,0,0,0,0,0,0,0
D,369.0,Diogo Dalot,5.5,5.5,Man Utd,65,2.542625460382188,63,1.9350349344794455,62,1.460813262668791,59,2.3521879744669376,61,1.9970073261086847,61,1.8409245722713792,0,0,0,0,0,0,0,0,0,0,0,0
D,32.0,Matty Cash,5.0,5.0,Aston Villa,52,1.9429099699586487,51,1.2165691701920145,49,2.047374152063452,52,2.217682306473071,51,2.3559889946223795,51,2.337069917247953,0,0,0,0,0,0,0,0,0,0,0,0
M,482.0,Yves Bissouma,4.5,4.5,Spurs,71,2.274949172884133,68,2.217264207153878,67,1.828541874287953,66,1.650907059997245,64,2.0891692654347853,66,1.9847760970013717,0,0,0,0,0,0,0,0,0,0,0,0
D,167.0,Axel Disasi,5.0,5.0,Chelsea,62,1.4247418913755563,60,2.256080964479675,58,2.3402969888085066,57,1.8652222332269013,54,1.9467652614543776,52,2.02272187496149,0,0,0,0,0,0,0,0,0,0,0,0
F,375.0,Rasmus Højlund,7.0,7.0,Man Utd,46,2.1625896474690864,46,1.8188051119325843,45,1.6982513781444852,44,2.021260038792921,47,1.9181750307703016,47,2.15658255611004,0,0,0,0,0,0,0,0,0,0,0,0
M,277.0,Massimo Luongo,4.5,4.5,Ipswich,78,1.855467356712236,74,1.6243904620151917,73,2.2606725909148504,71,1.8493122432369449,71,2.146631169056068,71,1.988539263020229,0,0,0,0,0,0,0,0,0,0,0,0
M,511.0,Edson Álvarez,4.5,4.5,West Ham,35,0.6703256445713539,73,2.115014003014898,83,1.9533852593799197,83,2.435625541178677,83,2.1659454244815843,79,2.275279358488534,0,0,0,0,0,0,0,0,0,0,0,0
D,532.0,Kurt Zouma,4.5,4.5,West Ham,76,2.237521287815105,71,2.1153134352255,68,1.3268048606560772,68,2.1288220126341497,64,1.7139884804204797,65,1.9871309613990649,0,0,0,0,0,0,0,0,0,0,0,0
M,403.0,Joelinton,5.5,5.5,Newcastle,62,3.2107835062569987,59,2.4082510541689004,43,1.4983020747257627,46,1.6853405567079087,44,1.5155656169841552,45,1.151877400226156,0,0,0,0,0,0,0,0,0,0,0,0
D,302.0,Ricardo Pereira,4.5,4.5,Leicester,80,1.9677524304453329,75,2.0691076879589905,74,2.125568352996948,73,1.9181312423395829,72,2.522245907551291,70,0.844464851788195,0,0,0,0,0,0,0,0,0,0,0,0
D,238.0,Ashley Young,4.5,4.5,Everton,56,2.085370164321903,55,1.3934022824426953,56,2.1099381595366147,56,1.5919402644251608,52,2.0937769816837037,54,2.1212328404957765,0,0,0,0,0,0,0,0,0,0,0,0
D,461.0,Taylor Harwood-Bellis,4.5,4.5,Southampton,79,1.0992736410111048,77,2.212073142482357,73,1.6905633387657035,72,2.0018180218734853,71,2.777507143576363,72,1.5889646815666252,0,0,0,0,0,0,0,0,0,0,0,0
F,497.0,Richarlison,7.5,7.5,Spurs,44,2.079769720089725,46,2.1835625925604947,44,1.8279003250860169,44,1.332537554697928,42,2.0328970464451084,42,1.843455870361316,0,0,0,0,0,0,0,0,0,0,0,0
D,516.0,Vladimír Coufal,4.5,4.5,West Ham,85,2.122772967026833,83,2.091568513636285,81,1.2175278854577611,78,2.124613225412718,79,1.6797154067936018,78,2.010247543661068,0,0,0,0,0,0,0,0,0,0,0,0
D,291.0,Wout Faes,4.5,4.5,Leicester,90,1.8245600234166337,86,2.02815302418187,85,2.036919783128539,84,1.913537621235268,84,2.5320958117136727,82,0.8235496652549008,0,0,0,0,0,0,0,0,0,0,0,0
D,520.0,Emerson Palmieri,4.5,4.5,West Ham,82,2.089214521058277,79,2.0368083664220653,78,1.1892259738276034,76,2.1081137421677822,75,1.6432883616292533,74,1.962297716258508,0,0,0,0,0,0,0,0,0,0,0,0
M,402.0,Jacob Murphy,5.5,5.5,Newcastle,46,2.335029519291091,46,1.7634047303962062,46,1.9502821618109305,45,1.8679591140924208,46,1.8411838670050145,43,1.263111831327708,0,0,0,0,0,0,0,0,0,0,0,0
D,275.0,Ben Johnson,4.5,4.5,Ipswich,72,1.4633654241889562,69,0.7810657583044129,68,2.535268031330525,66,1.7335725071680292,68,2.355691515951659,67,2.078048801414159,0,0,0,0,0,0,0,0,0,0,0,0
D,476.0,Kyle Walker-Peters,4.5,4.5,Southampton,59,1.1426617638605612,57,1.953204152822117,59,1.6215348537682777,57,1.8633382239564256,57,2.488423077584445,57,1.517777142933391,0,0,0,0,0,0,0,0,0,0,0,0
M,417.0,Sandro Tonali,5.0,5.0,Newcastle,0,0.0,0,0.0,68,2.755981085217995,68,2.810163962977386,67,2.700156669558936,67,2.1880579872335653,0,0,0,0,0,0,0,0,0,0,0,0
D,474.0,Yukinari Sugawara,4.5,4.5,Southampton,54,1.0226359480566145,58,1.971026111962668,57,1.5623478504425763,58,1.882198528385241,56,2.4990041410088124,57,1.4809187990057189,0,0,0,0,0,0,0,0,0,0,0,0
F,289.0,Patson Daka,5.5,5.5,Leicester,44,1.8433567087776848,47,1.885391192908888,45,1.9593804797379903,45,1.631721168828665,45,1.893848522931827,46,1.2012079991724982,0,0,0,0,0,0,0,0,0,0,0,0
D,171.0,Malo Gusto,5.5,5.5,Chelsea,81,1.7760945862507933,79,2.9322055650442924,75,3.029495116872394,33,0.7992732060244394,32,0.8846180646809573,33,0.9540125014992336,0,0,0,0,0,0,0,0,0,0,0,0
F,198.0,Odsonne Édouard,5.5,5.5,Crystal Palace,59,2.6173675505149547,47,2.147393988557564,38,1.2316091897217507,37,1.5917452757600363,37,1.4884736515657144,38,1.2880074801072392,0,0,0,0,0,0,0,0,0,0,0,0
D,533.0,Rayan Aït Nouri,4.5,4.5,Wolves,78,1.0362667677128463,76,1.8957786224749515,75,2.1920860189768434,69,1.8888897132171247,68,1.7503408620064242,65,1.3898947020297496,0,0,0,0,0,0,0,0,0,0,0,0
D,88.0,Nathan Collins,4.5,4.5,Brentford,57,2.158728164318964,57,1.0579264261515733,56,2.4658604892150167,55,0.9545620803944967,55,1.3428948316879668,55,2.1564539266171656,0,0,0,0,0,0,0,0,0,0,0,0
G,146.0,Bart Verbruggen,4.5,4.5,Brighton,0,0.0,0,0.0,24,0.7917859295502656,64,3.526663196097424,66,3.1357205656329867,61,2.6539842347921523,0,0,0,0,0,0,0,0,0,0,0,0
D,81.0,Adam Smith,4.5,4.5,Bournemouth,68,1.8839212418118856,63,1.5728764054978326,61,1.8626256127807532,62,1.4914095213417586,63,0.930571282951664,58,2.3420232399286,0,0,0,0,0,0,0,0,0,0,0,0
D,456.0,Armel Bella Kotchap,4.5,4.5,Southampton,58,1.0347950460870452,57,1.9018345893636317,55,1.4845840052201542,55,1.7587763025190954,55,2.411326537514275,54,1.3859802161527564,0,0,0,0,0,0,0,0,0,0,0,0
M,449.0,Ryan Yates,4.5,4.5,Nott'm Forest,49,1.8143567394190676,49,1.890127759177212,49,1.9458706655672888,50,1.5268477915761622,47,1.285689786644037,47,1.502430050354299,0,0,0,0,0,0,0,0,0,0,0,0
M,480.0,Rodrigo Bentancur,4.5,4.5,Spurs,48,1.8896744412265247,48,1.890229577968713,47,1.3014387637413585,48,1.3343359198842972,50,2.0456325088956144,47,1.4452930891779807,0,0,0,0,0,0,0,0,0,0,0,0
F,2.0,Gabriel Jesus,7.5,7.5,Arsenal,35,1.8946490707219523,34,1.3877368237779557,37,1.7520117343932795,39,1.5687622640373533,39,1.1297443354608323,38,2.12748717659162,0,0,0,0,0,0,0,0,0,0,0,0
D,524.0,Max Kilman,4.5,4.5,West Ham,65,1.8010867477045027,63,1.7873397715365769,65,1.1149329817242832,64,1.8816548043756045,65,1.5006490658974725,63,1.7688226741080029,0,0,0,0,0,0,0,0,0,0,0,0
M,423.0,Elliot Anderson,4.5,4.5,Nott'm Forest,42,1.4249391443941757,43,1.537019577391311,46,1.8013266264957055,45,1.2016573278014566,47,1.5372646131892322,48,2.1299850225580603,0,0,0,0,0,0,0,0,0,0,0,0
F,232.0,Iliman Ndiaye,5.5,5.5,Everton,37,1.3834382503721507,41,1.425543428662556,43,1.7044558625997526,43,1.560756577993317,43,1.719469192498048,44,1.7279094191869189,0,0,0,0,0,0,0,0,0,0,0,0
D,45.0,Ian Maatsen,5.0,5.0,Aston Villa,53,1.8607366763962825,49,1.0972668908433898,47,1.4967408411461662,46,1.4056607498992515,49,2.103131180401844,46,1.5358261972897076,0,0,0,0,0,0,0,0,0,0,0,0
D,475.0,Charlie Taylor,4.0,4.0,Southampton,56,0.9915389463765902,54,1.7870678604384476,53,1.413509189253959,54,1.7030376413223682,52,2.2534910503370678,51,1.284012502575704,0,0,0,0,0,0,0,0,0,0,0,0
M,463.0,Adam Lallana,4.5,4.5,Southampton,40,1.2467534395190438,43,1.6257583714329464,42,1.4222729447889724,43,1.722752465651978,44,2.0364534116702866,42,1.3707237742493217,0,0,0,0,0,0,0,0,0,0,0,0
M,527.0,Lucas Paquetá,6.0,6.0,West Ham,60,2.799195013685756,48,1.966168607358952,39,0.9543171699982882,36,1.2541598188680536,37,1.2413283475095158,36,1.2084167889218416,0,0,0,0,0,0,0,0,0,0,0,0
M,349.0,Jack Grealish,7.0,7.0,Man City,36,1.3073393892763987,39,2.166497272400027,36,1.543625153227388,36,1.724631322337301,39,1.1933223447369925,39,1.4836231270152869,0,0,0,0,0,0,0,0,0,0,0,0
M,392.0,Harvey Barnes,7.0,7.0,Newcastle,39,2.070942345690456,39,1.5156882443464257,37,1.6098383737666626,37,1.584186430846341,36,1.454389717624871,36,1.0735365153276837,0,0,0,0,0,0,0,0,0,0,0,0
M,80.0,Luis Sinisterra,5.0,5.0,Bournemouth,39,1.4683072709442304,41,1.7357900871889058,40,1.5120641136139046,38,1.5272531463082673,37,1.148623023434169,36,1.8199628967127008,0,0,0,0,0,0,0,0,0,0,0,0
M,565.0,Pablo Sarabia,6.0,6.0,Wolves,45,1.095600876204619,46,1.7770308027101662,44,1.6009281000377595,42,1.621071678981396,44,1.6106950977760637,43,1.4026787792465665,0,0,0,0,0,0,0,0,0,0,0,0
D,116.0,Valentín Barco,4.5,4.5,Brighton,55,2.1862554133340035,55,2.456140357213615,54,1.1955908771770198,42,1.7959767819100154,29,0.9108605632539052,25,0.4863859401128402,0,0,0,0,0,0,0,0,0,0,0,0
M,243.0,Tom Cairney,5.0,5.0,Fulham,41,1.126894946939223,45,1.5410035201318657,47,1.633163131383733,46,1.5480344962927248,46,1.3395710321164005,50,1.8098360976490004,0,0,0,0,0,0,0,0,0,0,0,0
D,153.0,Benoît Badiashile,5.0,5.0,Chelsea,52,1.228038540993714,49,1.817475422249053,50,1.9907517333846505,48,1.4835624873985265,45,1.1457963904698094,46,1.288639334361038,0,0,0,0,0,0,0,0,0,0,0,0
M,233.0,Amadou Onana,4.5,4.5,Aston Villa,57,2.2524184434467034,57,1.8133243593579973,53,2.1743554626352566,39,1.1213536672459208,27,0.7853677430280188,23,0.6741208209498498,0,0,0,0,0,0,0,0,0,0,0,0
M,113.0,Simon Adingra,6.0,6.0,Brighton,47,1.870099660036757,47,2.2147293208309846,43,1.0970007855418111,35,1.717733409402876,28,1.1180528465901782,24,0.7876041042374727,0,0,0,0,0,0,0,0,0,0,0,0
M,290.0,Bobby Reid,5.5,5.5,Leicester,40,1.5224276389885298,41,1.4650904879087006,42,1.681596245769044,41,1.3762893709763084,43,1.717092955328395,43,1.0143966830489102,0,0,0,0,0,0,0,0,0,0,0,0
D,567.0,Toti Gomes,4.5,4.5,Wolves,89,0.8502925469774202,87,1.5597647499582612,84,1.976643483936044,82,1.6143741178684337,82,1.5270163702642991,81,1.1653528420009482,0,0,0,0,0,0,0,0,0,0,0,0
D,270.0,Jacob Greaves,4.5,4.5,Ipswich,65,1.0678349400197171,63,0.5728348061863184,63,2.0744245819141987,63,1.4202913047512815,64,1.9497831500336824,60,1.583041745902786,0,0,0,0,0,0,0,0,0,0,0,0
D,455.0,Jan Bednarek,4.5,4.5,Southampton,59,0.7421846128874514,60,1.6652324120783133,62,1.3303371347822013,57,1.4969880791975705,58,2.225066407773769,59,1.2011125081812393,0,0,0,0,0,0,0,0,0,0,0,0
D,301.0,Caleb Okoli,4.5,4.5,Leicester,53,1.3638723225847678,54,1.5602858949590048,56,1.6152325304116673,52,1.438552826993786,54,1.918851628197456,55,0.737752455973209,0,0,0,0,0,0,0,0,0,0,0,0
D,564.0,Santiago Bueno,4.0,4.0,Wolves,80,0.9042289718432251,75,1.50523980289581,74,1.8857643951385408,72,1.5526271267303544,71,1.476529202953,70,1.1566873995390936,0,0,0,0,0,0,0,0,0,0,0,0
M,509.0,Timo Werner,6.5,6.5,Spurs,37,1.5703783367183315,36,1.5002682723038097,39,1.4155209972519278,36,0.952167533092418,37,1.611318763872547,36,1.4045422855414316,0,0,0,0,0,0,0,0,0,0,0,0
D,145.0,Joël Veltman,4.5,4.5,Brighton,50,1.7273769959310343,50,1.8650270900736836,50,0.9538093931156348,47,1.8155094298792824,44,1.2096384955187722,45,0.7013943855121666,0,0,0,0,0,0,0,0,0,0,0,0
D,6.0,Jurriën Timber,5.5,5.5,Arsenal,39,1.679978555022161,40,1.241938194561253,39,1.5096316282756912,38,1.0817220256288564,40,0.8811624549354908,40,1.8031151855373289,0,0,0,0,0,0,0,0,0,0,0,0
F,143.0,Deniz Undav,6.0,6.0,Brighton,30,1.1769589753984004,32,1.5485313081018124,34,0.8877149194263468,34,1.8570622699476584,33,1.479671370487236,32,1.2104018782534067,0,0,0,0,0,0,0,0,0,0,0,0
F,110.0,Yoane Wissa,6.5,6.5,Brentford,39,1.3963302339603605,39,1.069050152268335,41,1.7842021849809404,39,0.9048717807294606,41,1.3257606852064543,40,1.655421958686322,0,0,0,0,0,0,0,0,0,0,0,0
F,566.0,Jørgen Strand Larsen,5.5,5.5,Wolves,40,0.97863399037358,40,1.5165727174434307,38,1.3595527225915995,39,1.529883345052118,37,1.3479019927328153,39,1.297035779909777,0,0,0,0,0,0,0,0,0,0,0,0
D,322.0,Joe Gomez,5.5,5.5,Liverpool,49,2.3474055596658365,38,1.2497777240896142,36,0.9319287968203368,36,1.154735912867341,37,1.163020067845917,38,1.14138098918861,0,0,0,0,0,0,0,0,0,0,0,0
M,179.0,Mykhailo Mudryk,6.5,6.5,Chelsea,33,0.8850509861623556,33,1.2926233926103,36,1.4493159574663808,38,1.356358030253369,37,1.479123392494773,38,1.5144597481346451,0,0,0,0,0,0,0,0,0,0,0,0
M,89.0,Mikkel Damsgaard,5.0,5.0,Brentford,45,1.3513210237848177,45,1.016738117732868,46,1.6462669320037282,47,1.0163454404853045,47,1.292803369664662,47,1.6422019651958966,0,0,0,0,0,0,0,0,0,0,0,0
M,192.0,Jordan Ayew,6.0,6.0,Crystal Palace,42,1.249654322900302,42,1.466668177261153,42,1.1085123399656096,43,1.5621772173179191,41,1.3406110492932115,41,1.1903185347141354,0,0,0,0,0,0,0,0,0,0,0,0
D,263.0,Cameron Burgess,4.5,4.5,Ipswich,49,0.9319900661754212,51,0.6149933544280356,53,1.8422069506002383,50,1.2643668809145925,51,1.674615287293602,54,1.5367863049928336,0,0,0,0,0,0,0,0,0,0,0,0
D,307.0,Jannik Vestergaard,4.5,4.5,Leicester,53,1.2078251921202223,55,1.4736950434845926,53,1.3878209987762908,55,1.38675117817503,54,1.8048284682370823,52,0.5895776342639272,0,0,0,0,0,0,0,0,0,0,0,0
D,284.0,Luke Woolfenden,4.5,4.5,Ipswich,63,0.9474235376678626,62,0.5346092988933966,58,1.7924595903709646,61,1.3047615393754388,60,1.7252307149040502,60,1.432700944760223,0,0,0,0,0,0,0,0,0,0,0,0
G,560.0,Neto,4.5,4.5,Bournemouth,32,1.1633131883505818,33,1.191136412974153,34,1.2883261487048645,34,1.219791535276098,36,1.426338058055968,35,1.4094418776938382,0,0,0,0,0,0,0,0,0,0,0,0
M,186.0,Raheem Sterling,7.5,7.5,Chelsea,30,0.8824580096837349,30,1.2899851439000083,33,1.456284843919548,33,1.2809456615409207,31,1.3522041596286378,31,1.3439346932629912,0,0,0,0,0,0,0,0,0,0,0,0
M,420.0,Joe Willock,5.0,5.0,Newcastle,44,1.9752557985348411,45,1.5722414307937504,30,1.0561202349513628,29,1.0297121138649672,29,0.9791778078139785,30,0.7530189917730894,0,0,0,0,0,0,0,0,0,0,0,0
M,319.0,Harvey Elliott,6.0,6.0,Liverpool,27,1.1217445479781454,28,1.1790446266953287,31,1.145598551651532,30,1.2171302672746676,32,1.311289518211219,33,1.279243105375521,0,0,0,0,0,0,0,0,0,0,0,0
M,177.0,Noni Madueke,6.0,6.0,Chelsea,31,0.8378264962032873,31,1.2072455826059585,34,1.3544548897243112,33,1.1643005020334265,34,1.3428789797367426,33,1.2956564735832854,0,0,0,0,0,0,0,0,0,0,0,0
D,172.0,Reece James,5.5,5.5,Chelsea,0,0.0,0,0.0,0,0.0,57,2.171099726216923,57,2.408631565393009,56,2.529264054309775,0,0,0,0,0,0,0,0,0,0,0,0
M,132.0,Solly March,6.0,6.0,Brighton,0,0.0,0,0.0,0,0.0,26,1.2471912653697257,53,2.8963757845660045,60,2.831775854371056,0,0,0,0,0,0,0,0,0,0,0,0
D,35.0,Diego Carlos,4.5,4.5,Aston Villa,42,0.9469607671775148,46,0.6493639443147068,46,1.3125489458627897,44,1.197245982145027,46,1.4201239821572196,46,1.429714790587505,0,0,0,0,0,0,0,0,0,0,0,0
D,543.0,Matt Doherty,4.0,4.0,Wolves,76,1.12158278041665,74,1.9700476607417443,72,2.218194032844937,24,0.4963432717447371,25,0.4877240003757409,26,0.3846023188610495,0,0,0,0,0,0,0,0,0,0,0,0
M,7.0,Jorginho,5.0,5.0,Arsenal,39,1.3509118558927249,36,1.0070524404527574,36,1.1239565666433606,37,1.0116740543954863,37,0.8350634780372534,37,1.2985180956305509,0,0,0,0,0,0,0,0,0,0,0,0
M,354.0,Mateo Kovačić,5.0,5.0,Man City,37,0.9359357793884724,37,1.3421573285090442,38,1.1331567851511353,39,1.2576053374279608,38,0.8636174470429783,40,1.061234335970493,0,0,0,0,0,0,0,0,0,0,0,0
M,53.0,Jacob Ramsey,5.5,5.5,Aston Villa,32,1.1358547707429347,34,0.786177945603082,34,1.2518210089453776,33,1.1918313764383697,28,1.1113820930214482,29,1.11257801330535,0,0,0,0,0,0,0,0,0,0,0,0
M,74.0,Dango Ouattara,5.0,5.0,Bournemouth,28,0.9042204010207676,32,1.1259966589596586,34,1.1232303556679044,32,1.085201227184592,33,0.8974570870623222,33,1.4189754220989472,0,0,0,0,0,0,0,0,0,0,0,0
F,421.0,Callum Wilson,7.0,7.0,Newcastle,12,0.6634712028294618,19,0.7650504154626389,26,1.2124146433726848,30,1.362001425042104,32,1.3890232388133172,32,0.9978122659751518,0,0,0,0,0,0,0,0,0,0,0,0
F,468.0,Sekou Mara,5.5,5.5,Southampton,26,0.8273397570338683,27,1.0084371800903504,28,0.9491560745145582,29,1.1729039969774098,29,1.3336724169619731,30,0.9827160370147904,0,0,0,0,0,0,0,0,0,0,0,0
F,252.0,Raúl Jiménez,5.5,5.5,Fulham,26,0.914409833921066,26,1.0983295927399674,28,1.110691216192997,28,1.1747600975537154,28,1.0191492779919304,29,0.956443032961773,0,0,0,0,0,0,0,0,0,0,0,0
M,20.0,Thomas Partey,5.0,5.0,Arsenal,39,1.3395271255697698,34,0.9309563497977662,35,1.0721605372520768,35,0.9300946425969988,33,0.7152638598172104,36,1.2600219951048297,0,0,0,0,0,0,0,0,0,0,0,0
F,473.0,Ross Stewart,5.0,5.0,Southampton,21,0.7241192178027267,23,0.9335903608400332,26,0.9597669443925486,27,1.191275226669532,27,1.3515483604799474,28,0.9983490428614268,0,0,0,0,0,0,0,0,0,0,0,0
M,239.0,Adama Traoré,5.0,5.0,Fulham,22,0.7337902659552601,26,1.080626510421112,28,1.0936118170452038,29,1.174655720506752,29,1.0022056036602929,29,0.9264976063721616,0,0,0,0,0,0,0,0,0,0,0,0
M,193.0,Cheick Doucouré,4.5,4.5,Crystal Palace,36,0.87991395554684,39,1.100547117965198,38,0.8168249131950588,39,1.144777990578815,38,1.0066921767701456,40,1.0082522256486173,0,0,0,0,0,0,0,0,0,0,0,0
M,77.0,Alex Scott,4.5,4.5,Bournemouth,32,0.8258523761630832,34,0.9303051767206648,37,0.993099247521386,36,0.9541859970969808,36,0.760103601675161,38,1.3199859029450032,0,0,0,0,0,0,0,0,0,0,0,0
D,542.0,Craig Dawson,4.5,4.5,Wolves,44,0.3162530070199645,47,0.8509194531561107,50,1.504217970434356,47,0.9071802583469936,49,1.204291315684372,50,0.9980617165692512,0,0,0,0,0,0,0,0,0,0,0,0
M,324.0,Curtis Jones,5.0,5.0,Liverpool,24,0.8669289136205449,26,0.9372407680257436,29,0.9232594001089603,27,0.9391496481887835,29,1.012126471084165,30,1.0029594464943552,0,0,0,0,0,0,0,0,0,0,0,0
F,148.0,Danny Welbeck,5.5,5.5,Brighton,29,0.9083134372789008,28,1.0482375692887924,29,0.6155549468670527,28,1.1768348981942185,27,0.9401990885172458,27,0.8051956727056871,0,0,0,0,0,0,0,0,0,0,0,0
D,49.0,Tyrone Mings,5.0,5.0,Aston Villa,36,0.7903333827615318,34,0.3935834274808992,36,0.9321874333247484,39,1.0180835045819965,40,1.1457578077272674,40,1.1596441761088083,0,0,0,0,0,0,0,0,0,0,0,0
F,218.0,Beto,5.0,5.0,Everton,20,0.7944747130041437,22,0.785634098656389,23,0.9472752058384292,23,0.8515926115682938,24,0.997341338745831,26,1.0521534725410429,0,0,0,0,0,0,0,0,0,0,0,0
D,122.0,Pervis Estupiñán,4.5,4.5,Brighton,0,0.0,0,0.0,0,0.0,28,1.1085929580010585,57,2.517632605149416,65,1.7506135077744958,0,0,0,0,0,0,0,0,0,0,0,0
D,159.0,Trevoh Chalobah,4.5,4.5,Chelsea,40,0.5475923573815851,41,1.0673438339794603,42,1.168310389180608,35,0.7372726546813984,35,0.827839993438758,38,0.9672789647016432,0,0,0,0,0,0,0,0,0,0,0,0
M,42.0,Boubacar Kamara,4.5,4.5,Aston Villa,0,0.0,0,0.0,0,0.0,31,0.7165408888396524,58,2.103812696048916,68,2.436814272421304,0,0,0,0,0,0,0,0,0,0,0,0
M,381.0,Scott McTominay,5.5,5.5,Man Utd,19,0.720045893837249,23,0.7109917495480267,25,0.7159899676761311,27,1.0346535121677574,27,0.8619497436850528,32,1.1236248364195138,0,0,0,0,0,0,0,0,0,0,0,0
G,183.0,Đorđe Petrović,5.0,5.0,Chelsea,19,0.7018638693185555,20,0.7955306316939453,20,0.7720935837873263,23,0.8946826241972945,24,0.9211065427290304,26,1.0381482736147325,0,0,0,0,0,0,0,0,0,0,0,0
D,128.0,Igor,4.5,4.5,Brighton,47,1.2150898267586374,45,1.1673275021392175,46,0.5180262920591341,36,1.159696832236352,30,0.722100957919712,25,0.3304457942473637,0,0,0,0,0,0,0,0,0,0,0,0
D,409.0,Valentino Livramento,5.0,5.0,Newcastle,26,0.8538265145018974,33,0.7216251834574614,39,0.8659922839288224,41,1.1092241369181337,39,0.9602470170218156,41,0.596256713730373,0,0,0,0,0,0,0,0,0,0,0,0
G,204.0,Sam Johnstone,4.5,4.5,Crystal Palace,21,0.7358987608290357,22,0.7797053282431808,23,0.7754532168954591,23,0.8698425683888262,27,0.9714913837553868,26,0.914265223284737,0,0,0,0,0,0,0,0,0,0,0,0
M,287.0,Hamza Choudhury,4.5,4.5,Leicester,32,0.5964381858023949,38,0.8173425100849325,42,0.904233374280552,41,0.8598014752148168,43,1.0224032345407637,46,0.8425627887144933,0,0,0,0,0,0,0,0,0,0,0,0
D,529.0,Nayef Aguerd,4.5,4.5,West Ham,38,0.8007380221801258,42,0.8942237523795746,41,0.4448615210543477,42,0.9511251729924992,44,0.7949671377299741,47,1.130833986801913,0,0,0,0,0,0,0,0,0,0,0,0
M,431.0,Nicolás Domínguez,4.5,4.5,Nott'm Forest,28,0.7037363981036029,33,0.9015016518815162,34,0.9676082139435198,35,0.6685535306786441,34,0.7720010803438023,35,0.9732016870090304,0,0,0,0,0,0,0,0,0,0,0,0
D,333.0,Jarrell Quansah,5.0,5.0,Liverpool,22,0.7487271029698583,24,0.7775832190346074,27,0.7048451150230481,29,0.9297136204521356,29,0.90857958184287,30,0.8993485746628909,0,0,0,0,0,0,0,0,0,0,0,0
M,121.0,Julio César Enciso,5.5,5.5,Brighton,22,0.8250680466856679,23,1.06017145252012,23,0.5436638811204914,20,1.055173275738851,20,0.8555209972976571,18,0.6265409512844278,0,0,0,0,0,0,0,0,0,0,0,0
D,36.0,Lucas Digne,5.0,5.0,Aston Villa,30,0.7538933306212305,31,0.4089269866508287,32,0.9252842907080632,33,0.9503242096965286,30,0.9479145255832376,31,0.979387550417469,0,0,0,0,0,0,0,0,0,0,0,0
D,221.0,Séamus Coleman,4.0,4.0,Everton,35,0.8604213761504824,35,0.5570741674402554,34,0.8416632138657465,35,0.6429915504992334,37,1.003156107579818,38,0.9969772084209962,0,0,0,0,0,0,0,0,0,0,0,0
M,364.0,Amad Diallo,5.0,5.0,Man Utd,19,0.7813178109480217,21,0.704083706501494,23,0.7198514052043626,24,0.9942291750926112,23,0.7856386373097641,24,0.9102919043586528,0,0,0,0,0,0,0,0,0,0,0,0
M,115.0,Carlos Baleba,4.5,4.5,Brighton,35,0.7875533958010491,35,0.8453035049331377,37,0.5656753650867979,37,1.0882141858587844,38,0.8986507956062788,36,0.6710475858927463,0,0,0,0,0,0,0,0,0,0,0,0
F,107.0,Thiago,6.0,6.0,Brentford,20,0.8086491194840025,21,0.6380809005483643,21,1.0376805361942774,23,0.5821431284645315,21,0.7561786567868346,22,1.0332715330141005,0,0,0,0,0,0,0,0,0,0,0,0
M,1.0,Fabio Vieira,5.5,5.5,Arsenal,17,0.8694349840118868,19,0.7392464576446505,22,0.9927704077428336,20,0.7536319188222047,18,0.4980736612333593,19,1.0008699571738444,0,0,0,0,0,0,0,0,0,0,0,0
M,29.0,Ross Barkley,5.0,5.0,Aston Villa,29,0.9100042973045406,30,0.6364912247328487,28,0.9069988926123322,26,0.822240929072189,25,0.8569617589489165,21,0.7110865872587829,0,0,0,0,0,0,0,0,0,0,0,0
M,299.0,Kasey McAteer,4.5,4.5,Leicester,23,0.818857411745055,23,0.7644479568577306,25,0.9343328427308458,25,0.7807365781437211,26,0.9620082251289916,28,0.5767653391953499,0,0,0,0,0,0,0,0,0,0,0,0
F,229.0,Neal Maupay,5.5,5.5,Everton,15,0.5625306605528225,20,0.6786590227956515,21,0.8216268685584139,24,0.8499942503225978,25,0.9969620042428377,24,0.9254183231319438,0,0,0,0,0,0,0,0,0,0,0,0
D,440.0,Andrew Omobamidele,4.0,4.0,Nott'm Forest,33,0.767699852615896,36,0.921920227367358,36,0.998462360444098,39,0.3688999783061079,38,0.7358470556514105,39,1.034498232464395,0,0,0,0,0,0,0,0,0,0,0,0
M,391.0,Miguel Almirón,6.0,6.0,Newcastle,23,1.031475956859501,24,0.7911742287652717,22,0.8015652176834304,22,0.8049661866635102,23,0.7964153994351718,24,0.6008353002136627,0,0,0,0,0,0,0,0,0,0,0,0
M,323.0,Ryan Gravenberch,5.0,5.0,Liverpool,18,0.6505685497723187,21,0.7589392558080995,22,0.7005324339997462,24,0.8382677572627261,25,0.8759855287146903,25,0.8376751636258211,0,0,0,0,0,0,0,0,0,0,0,0
M,560.0,Pedro Neto,6.5,6.5,Wolves,21,0.4794912153892788,22,0.8382267769962689,21,0.770452143997158,22,0.8761114043325627,23,0.8571140403852138,23,0.7581266016998403,0,0,0,0,0,0,0,0,0,0,0,0
D,160.0,Ben Chilwell,5.5,5.5,Chelsea,26,0.4407285209679662,25,0.7814252429363912,27,0.8869969551803792,26,0.685286823223769,28,0.8442615163480799,29,0.9104026199806324,0,0,0,0,0,0,0,0,0,0,0,0
D,162.0,Levi Colwill,5.0,5.0,Chelsea,29,0.4259638233989782,32,0.86801714264797,32,0.911733738111166,31,0.7068848364628424,31,0.7893893067882598,31,0.8396428381772723,0,0,0,0,0,0,0,0,0,0,0,0
M,226.0,Tim Iroegbunam,4.5,4.5,Everton,25,0.6054593545998184,27,0.5847294862629256,31,0.7929079058455797,32,0.7417702243411929,32,0.8668954816157195,34,0.8866189770556364,0,0,0,0,0,0,0,0,0,0,0,0
M,98.0,Keane Lewis-Potter,5.0,5.0,Brentford,18,0.6513430381753074,21,0.5469863429531522,22,0.9817845613927412,23,0.4994603282515912,22,0.6881521162702251,25,1.0539872235339522,0,0,0,0,0,0,0,0,0,0,0,0
M,76.0,Philip Billing,5.0,5.0,Bournemouth,21,0.6144109567464405,22,0.6958250770253179,24,0.712527244763402,26,0.7959559061623027,26,0.619959546936472,24,0.9521147852617424,0,0,0,0,0,0,0,0,0,0,0,0
M,135.0,Yankuba Minteh,5.0,5.0,Brighton,29,0.8449039390924121,28,0.915391468753898,30,0.608367181090062,27,1.0207110597113416,16,0.4880277821717297,17,0.4258953047718142,0,0,0,0,0,0,0,0,0,0,0,0
F,424.0,Taiwo Awoniyi,6.0,6.0,Nott'm Forest,16,0.6148364084619197,18,0.7254462290313184,19,0.8207595749971935,19,0.5362855189382758,22,0.7302790782181183,20,0.8169709099300629,0,0,0,0,0,0,0,0,0,0,0,0
D,388.0,Aaron Wan-Bissaka,4.5,4.5,Man Utd,33,0.7994700303486015,34,0.608290399893786,36,0.4197834480694209,39,0.9694058119547504,38,0.7478632283551837,38,0.6458493144785828,0,0,0,0,0,0,0,0,0,0,0,0
M,,Matheus França,5.0,5.0,Crystal Palace,20,0.6782448670143191,19,0.778033233109639,18,0.5423676996396155,18,0.7596196896360878,19,0.7338011693000475,20,0.657229955406726,0,0,0,0,0,0,0,0,0,0,0,0
D,25.0,Oleksandr Zinchenko,5.5,5.5,Arsenal,18,0.7947424333821246,19,0.6120652204752937,19,0.7533997604144463,20,0.6042475118349185,20,0.4593361611538525,20,0.9151489961345628,0,0,0,0,0,0,0,0,0,0,0,0
D,295.0,James Justin,4.5,4.5,Leicester,38,0.6491590412723076,40,0.7830948290749686,37,0.7253035269522028,39,0.7140850647736855,39,0.948631660340204,40,0.2472813691465461,0,0,0,0,0,0,0,0,0,0,0,0
M,382.0,Mason Mount,6.0,6.0,Man Utd,15,0.5566283941265936,20,0.604016779314133,21,0.5823956914873829,23,0.8629276115162586,22,0.6802540826226826,23,0.7804864838092805,0,0,0,0,0,0,0,0,0,0,0,0
M,271.0,Marcus Harness,4.5,4.5,Ipswich,15,0.3908641540501895,20,0.3853064863690965,22,0.7979220745808796,25,0.7159234849958672,25,0.8782324829989029,25,0.8677142699357169,0,0,0,0,0,0,0,0,0,0,0,0
M,356.0,Matheus Nunes,5.0,5.0,Man City,19,0.5305788294035644,21,0.8470825636911761,20,0.6523956088068705,21,0.7440936629086727,23,0.5557498191092674,24,0.6950583376866223,0,0,0,0,0,0,0,0,0,0,0,0
D,313.0,Conor Bradley,5.5,5.5,Liverpool,12,0.4484851709357421,17,0.6101959886331512,21,0.6082817139444004,23,0.8057776181439404,22,0.7571960198159419,24,0.7836058864385789,0,0,0,0,0,0,0,0,0,0,0,0
D,376.0,Victor Lindelöf,4.5,4.5,Man Utd,27,0.6843897491851384,30,0.5746806622965953,33,0.4264491770305885,33,0.8503860329076871,35,0.725170125054484,37,0.6833096409748849,0,0,0,0,0,0,0,0,0,0,0,0
D,59.0,Max Aarons,4.0,4.0,Bournemouth,27,0.5806245773984002,30,0.5882819471818809,32,0.7233225115822146,31,0.5770358794108821,31,0.3309718105627747,35,1.1015902086866505,0,0,0,0,0,0,0,0,0,0,0,0
D,559.0,Nélson Semedo,4.5,4.5,Wolves,0,0.0,0,0.0,0,0.0,81,1.4695357344067124,80,1.3807134497935367,79,1.0361033810384823,0,0,0,0,0,0,0,0,0,0,0,0
D,296.0,Victor Bernth Kristiansen,4.5,4.5,Leicester,37,0.6232194284595499,35,0.6668546142306107,38,0.7449045307009687,40,0.732620216513227,37,0.8901443361026885,37,0.2116025321135122,0,0,0,0,0,0,0,0,0,0,0,0
D,22.0,Takehiro Tomiyasu,5.5,5.5,Arsenal,5,0.214771168237026,11,0.3403439945310849,17,0.6471909485018409,23,0.6617249772160556,28,0.6138509810318491,29,1.2956249688690686,0,0,0,0,0,0,0,0,0,0,0,0
M,281.0,Jack Taylor,4.5,4.5,Ipswich,26,0.4039498430862643,31,0.4154586880755292,31,0.7250272505440921,34,0.6368756242998187,35,0.8129961030936939,35,0.7401750561510767,0,0,0,0,0,0,0,0,0,0,0,0
D,444.0,Harry Toffolo,4.5,4.5,Nott'm Forest,18,0.4769532932973737,22,0.6295907672630164,27,0.8414566004851152,28,0.3415616627446788,28,0.6110589902794565,28,0.817214611348703,0,0,0,0,0,0,0,0,0,0,0,0
F,38.0,Jhon Durán,5.5,5.5,Aston Villa,15,0.6084073534356156,15,0.3543120813062009,16,0.6609414707478208,16,0.648665041686365,16,0.7340436584208602,16,0.6994703016737812,0,0,0,0,0,0,0,0,0,0,0,0
M,462.0,Kamaldeen Sulemana,5.0,5.0,Southampton,14,0.4118263854357503,15,0.5373145065114718,17,0.5481066801998047,19,0.7322721751914534,20,0.901223178385297,18,0.557199642774295,0,0,0,0,0,0,0,0,0,0,0,0
M,442.0,Ibrahim Sangaré,4.5,4.5,Nott'm Forest,26,0.5754414480384502,24,0.5726281460878548,27,0.6658692901846082,30,0.4903054975931354,30,0.5964117925941037,30,0.7367422917842638,0,0,0,0,0,0,0,0,0,0,0,0
M,459.0,Samuel Edozie,5.5,5.5,Southampton,15,0.4092772529218029,16,0.5291493846659927,17,0.5078134454038052,19,0.6717190465447563,19,0.7834601212046992,20,0.5775912025158683,0,0,0,0,0,0,0,0,0,0,0,0
M,102.0,Frank Onyeka,4.5,4.5,Brentford,18,0.4601180191981081,22,0.4035679059825814,24,0.7451554976945628,26,0.4268241863743842,27,0.5956186984902812,27,0.7946962364946761,0,0,0,0,0,0,0,0,0,0,0,0
D,399.0,Lewis Hall,4.5,4.5,Newcastle,19,0.6616977951161702,24,0.550252652542382,24,0.5538892364271095,23,0.6273594283682757,24,0.6067160237851751,28,0.4028521428537241,0,0,0,0,0,0,0,0,0,0,0,0
F,523.0,Danny Ings,5.5,5.5,West Ham,14,0.5318727565995695,15,0.490059279018318,15,0.3572847077936795,19,0.6736735948141354,19,0.6680853709127097,19,0.6622148977189881,0,0,0,0,0,0,0,0,0,0,0,0
M,126.0,Jack Hinshelwood,4.5,4.5,Brighton,19,0.5215096431828126,20,0.6140832786657097,22,0.4254841408672928,21,0.7460186911049017,20,0.5910523931716236,19,0.4662999091181657,0,0,0,0,0,0,0,0,0,0,0,0
M,106.0,Kevin Schade,5.5,5.5,Brentford,15,0.4848684591085806,18,0.4274730089952003,19,0.7422679003522124,20,0.4094326038753139,20,0.5636468054323122,20,0.7362114628963735,0,0,0,0,0,0,0,0,0,0,0,0
D,131.0,Tariq Lamptey,4.5,4.5,Brighton,24,0.5987374436518418,22,0.6225664965853837,24,0.2730151395155952,22,0.8119310797716518,21,0.5954086964642561,22,0.3792489038077715,0,0,0,0,0,0,0,0,0,0,0,0
M,365.0,Antony,5.5,5.5,Man Utd,11,0.4161620328870826,15,0.4568095489768738,17,0.4749975509516455,18,0.687109540324326,18,0.562350720599516,19,0.651988402890939,0,0,0,0,0,0,0,0,0,0,0,0
M,535.0,Jean-Ricner Bellegarde,4.5,4.5,Wolves,20,0.3120636514147639,22,0.540357935587233,24,0.6033311368669194,25,0.6493596884126188,25,0.6214750367324567,24,0.5113283438858978,0,0,0,0,0,0,0,0,0,0,0,0
D,86.0,Kristoffer Ajer,4.5,4.5,Brentford,21,0.5296456376674569,26,0.2618071420002222,28,0.8747871892300632,30,0.2415694265573033,29,0.439601001723983,32,0.8885552810215257,0,0,0,0,0,0,0,0,0,0,0,0
F,65.0,Enes Ünal,5.5,5.5,Bournemouth,0,0.0,0,0.0,0,0.0,13,0.5341317104536306,28,0.90907063012744,32,1.6995494634561348,0,0,0,0,0,0,0,0,0,0,0,0
M,117.0,Facundo Buonanotte,5.0,5.0,Brighton,15,0.4496918619731306,17,0.6096232768475822,19,0.3507939509429376,17,0.7173050262386699,16,0.5378143513554086,17,0.456084194366994,0,0,0,0,0,0,0,0,0,0,0,0
M,166.0,Kiernan Dewsbury-Hall,6.0,6.0,Chelsea,11,0.237282955104179,14,0.4615586352029601,16,0.5334229546320391,17,0.5042354471816322,18,0.5988361506444855,20,0.6539595666255889,0,0,0,0,0,0,0,0,0,0,0,0
M,19.0,Emile Smith Rowe,5.5,5.5,Arsenal,7,0.316016215040755,9,0.3087126932087948,13,0.5147544825148922,12,0.3977879556987502,19,0.4732647173122666,20,0.922446305715692,0,0,0,0,0,0,0,0,0,0,0,0
D,26.0,Álex Moreno,4.5,4.5,Aston Villa,15,0.3738700741324887,18,0.2377893737463424,19,0.5342658492525452,20,0.5529120671810833,19,0.581317095033798,21,0.6420123708054927,0,0,0,0,0,0,0,0,0,0,0,0
D,187.0,Tosin Adarabioyo,5.0,5.0,Chelsea,21,0.2844556853767047,20,0.5154128954038119,21,0.5646844083803638,21,0.4551882492714341,20,0.4884252695627791,20,0.5082532240932982,0,0,0,0,0,0,0,0,0,0,0,0
M,569.0,Jaden Philogene Bidace,5.5,5.5,Aston Villa,11,0.380800438936306,14,0.2960342699347314,15,0.5387439239085887,14,0.4903757633541564,14,0.54790650822687,14,0.5309864591718058,0,0,0,0,0,0,0,0,0,0,0,0
F,156.0,Armando Broja,5.5,5.5,Chelsea,10,0.272191209396082,11,0.4498759054730005,12,0.4958990893118334,12,0.4409266012434857,13,0.5410572380271964,13,0.531797452154039,0,0,0,0,0,0,0,0,0,0,0,0
D,467.0,Ryan Manning,4.5,4.5,Southampton,21,0.2224986080903829,22,0.4747684731814274,23,0.3965796616786636,22,0.4649299549324951,24,0.7303426637834622,26,0.4095879700251852,0,0,0,0,0,0,0,0,0,0,0,0
D,282.0,Axel Tuanzebe,4.0,4.0,Ipswich,28,0.2660035002435728,27,0.0828355095040699,31,0.709862757805857,30,0.4397802862845744,30,0.6427557006317617,30,0.5276532689638158,0,0,0,0,0,0,0,0,0,0,0,0
M,515.0,Maxwel Cornet,4.5,4.5,West Ham,9,0.3220659345718247,13,0.4117802635226269,14,0.3208597793022288,14,0.4763321992256982,16,0.5287033029782184,17,0.5698244492820623,0,0,0,0,0,0,0,0,0,0,0,0
D,528.0,Konstantinos Mavropanos,4.5,4.5,West Ham,17,0.3412706155560103,23,0.452566683385862,25,0.239915351054695,27,0.5683504224238384,28,0.4463093090208321,29,0.5747170949746718,0,0,0,0,0,0,0,0,0,0,0,0
D,196.0,Nathaniel Clyne,4.5,4.5,Crystal Palace,12,0.2639018507032807,15,0.3923264013925149,19,0.2916033683750008,20,0.5905109138701554,22,0.5282907584373706,23,0.5139560804762915,0,0,0,0,0,0,0,0,0,0,0,0
M,31.0,Emi Buendía,5.0,5.0,Aston Villa,9,0.3591207676271813,9,0.2095202641700966,11,0.4531573206949834,12,0.4838307862106481,12,0.5481529893726881,11,0.4785391720866384,0,0,0,0,0,0,0,0,0,0,0,0
D,517.0,Aaron Cresswell,4.0,4.0,West Ham,17,0.3649766431555304,19,0.3954151623150358,23,0.2442615489204546,25,0.5520185533859804,25,0.4329586832695633,24,0.5025932843508796,0,0,0,0,0,0,0,0,0,0,0,0
F,260.0,Ali Al Hamadi,5.0,5.0,Ipswich,9,0.2890476869980365,10,0.2272875681988481,10,0.4349883741632308,12,0.4061183768856212,13,0.5424266028912299,13,0.5451587388795013,0,0,0,0,0,0,0,0,0,0,0,0
D,379.0,Tyrell Malacia,4.5,4.5,Man Utd,13,0.330689777618776,18,0.3369881913463637,21,0.2622339989363388,23,0.5834483461611764,25,0.5005755546746623,24,0.4266815469004156,0,0,0,0,0,0,0,0,0,0,0,0
F,,Alejo Véliz,5.0,5.0,Spurs,8,0.3637321040711683,8,0.3555437996884501,9,0.3492188782670062,11,0.2929594773091568,12,0.5628821589260681,11,0.4646209655536426,0,0,0,0,0,0,0,0,0,0,0,0
M,526.0,Luis Guilherme,5.0,5.0,West Ham,11,0.3085147012313093,13,0.3404453098785434,15,0.2848426811327655,16,0.4515573478299337,16,0.4129936907667507,18,0.49660038511702,0,0,0,0,0,0,0,0,0,0,0,0
D,257.0,Kenny Tete,4.5,4.5,Fulham,11,0.2219082626306889,13,0.3797626140698882,15,0.4190607568186117,18,0.4646506725296426,20,0.358409143768558,22,0.446095492959086,0,0,0,0,0,0,0,0,0,0,0,0
M,124.0,Billy Gilmour,5.0,5.0,Brighton,13,0.2714416143159425,19,0.4279340028535378,18,0.2496447486708163,19,0.5188024073796674,19,0.4137084028805076,21,0.3668583920047575,0,0,0,0,0,0,0,0,0,0,0,0
D,253.0,Tim Ream,4.5,4.5,Fulham,9,0.1656424726885916,15,0.395405490698389,19,0.4814849675615694,19,0.4351439990480552,21,0.3294525281725025,21,0.3935341950085196,0,0,0,0,0,0,0,0,0,0,0,0
M,134.0,James Milner,4.5,4.5,Brighton,12,0.3083190588917732,13,0.3819649235781807,15,0.253191607742741,16,0.5518855651584234,14,0.3935889843790638,13,0.2965488669009983,0,0,0,0,0,0,0,0,0,0,0,0
F,276.0,Freddie Ladapo,5.0,5.0,Ipswich,8,0.2392892160649755,10,0.2139501158200057,11,0.4484779958145455,12,0.3817708986271463,12,0.4711964961939736,11,0.4307424147661345,0,0,0,0,0,0,0,0,0,0,0,0
D,234.0,Nathan Patterson,4.5,4.5,Everton,12,0.2795139690822678,14,0.2226018054961557,17,0.4050738523983055,17,0.3048573816940303,19,0.4946238612670271,17,0.4199288439167907,0,0,0,0,0,0,0,0,0,0,0,0
M,214.0,Jeffrey Schlupp,5.0,5.0,Crystal Palace,9,0.269758665074869,10,0.3626425083943091,11,0.2926991602160746,11,0.4136952357104514,12,0.4100594127021145,12,0.3495535611570687,0,0,0,0,0,0,0,0,0,0,0,0
D,486.0,Radu Drăgușin,4.5,4.5,Spurs,9,0.245808920474472,13,0.344898720130486,19,0.3022038260718515,18,0.2345444954671222,20,0.5182699998100995,20,0.4205232756715451,0,0,0,0,0,0,0,0,0,0,0,0
M,285.0,Thomas Cannon,4.5,4.5,Leicester,7,0.2888375955742914,7,0.2671667334101362,10,0.4348862972050532,10,0.3565877393754728,10,0.4267348252959161,12,0.2671983717117893,0,0,0,0,0,0,0,0,0,0,0,0
D,405.0,Emil Krafth,4.5,4.5,Newcastle,10,0.3187174421806583,14,0.2952914710726178,15,0.3086241335136757,18,0.4484826911312999,19,0.4407372212026482,18,0.2287281502496009,0,0,0,0,0,0,0,0,0,0,0,0
D,305.0,Luke Thomas,4.0,4.0,Leicester,18,0.3041245757252093,19,0.3672395899803844,20,0.3865072925369811,19,0.3428706928896826,21,0.492312460773493,22,0.1383172543036698,0,0,0,0,0,0,0,0,0,0,0,0
M,534.0,Boubacar Traoré,4.5,4.5,Wolves,15,0.1797212225790636,19,0.3180294970386802,20,0.3760146829683018,22,0.3942169387321241,22,0.3921568937622889,23,0.3410566188540692,0,0,0,0,0,0,0,0,0,0,0,0
M,297.0,Wanya Marcal-Madivadua,4.5,4.5,Leicester,7,0.2498158654167479,9,0.3041775682138793,10,0.3772646873195081,11,0.3485122300487965,12,0.4497905266398211,13,0.2628042168802569,0,0,0,0,0,0,0,0,0,0,0,0
M,483.0,Bryan Gil,4.5,4.5,Spurs,7,0.2811284529890658,9,0.3529775758531165,9,0.2983863676325141,9,0.206913242320209,10,0.4096975718994663,12,0.4399837539835758,0,0,0,0,0,0,0,0,0,0,0,0
D,472.0,Jack Stephens,4.0,4.0,Southampton,12,0.1203647764036652,13,0.2524989368957501,16,0.2526473729023455,21,0.38935998789568,21,0.5731572881097927,20,0.2868323958663589,0,0,0,0,0,0,0,0,0,0,0,0
M,203.0,Will Hughes,4.5,4.5,Crystal Palace,12,0.2475444602239366,14,0.3313288103957384,15,0.258525645229245,16,0.3996474328225216,14,0.3086399061294732,15,0.3140178930411388,0,0,0,0,0,0,0,0,0,0,0,0
M,90.0,Josh Dasilva,4.5,4.5,Brentford,7,0.2006619526135888,10,0.2097717873568853,12,0.4128717397049393,11,0.2012712094314726,13,0.3242452265195741,15,0.4862146769699946,0,0,0,0,0,0,0,0,0,0,0,0
F,237.0,Youssef Chermiti,5.0,5.0,Everton,5,0.1840725190672955,7,0.2303454067396108,7,0.2672639324763754,9,0.3087823337224898,11,0.4287892749683784,11,0.4134137228053877,0,0,0,0,0,0,0,0,0,0,0,0
M,544.0,Tommy Doyle,4.5,4.5,Wolves,15,0.2118495799793198,16,0.3140040455563957,16,0.3394405699149913,17,0.3498664305226958,16,0.3257622586331142,17,0.2911675891820189,0,0,0,0,0,0,0,0,0,0,0,0
F,,Cameron Archer,5.0,5.0,Aston Villa,6,0.2465231452383278,7,0.1708600910049971,8,0.335502796971631,8,0.3270603373309888,8,0.3710905026227636,8,0.3522200260069907,0,0,0,0,0,0,0,0,0,0,0,0
D,,Kostas Tsimikas,5.5,5.5,Liverpool,12,0.4270485385728346,8,0.2748365073529977,7,0.1985046871579612,9,0.3018340709100058,9,0.2961978649603924,9,0.2842185356541586,0,0,0,0,0,0,0,0,0,0,0,0
D,549.0,Hugo Bueno,4.0,4.0,Wolves,20,0.178959181812048,20,0.3679818974300562,21,0.4543423942506912,14,0.2782955958598749,14,0.2683765543076346,16,0.2282571301998134,0,0,0,0,0,0,0,0,0,0,0,0
D,72.0,Chris Mepham,4.0,4.0,Bournemouth,10,0.2053497957158438,11,0.1994485466491355,15,0.3202438203579389,18,0.3032264861308142,16,0.162813401972403,18,0.5190226778069149,0,0,0,0,0,0,0,0,0,0,0,0
M,502.0,Manor Solomon,5.0,5.0,Spurs,5,0.2150840628368025,6,0.2520079291584648,7,0.2499997354459774,8,0.1984679253548323,8,0.3519047519318067,10,0.3936668775944248,0,0,0,0,0,0,0,0,0,0,0,0
D,484.0,Ben Davies,4.5,4.5,Spurs,6,0.1806154155962953,10,0.2929940089741141,12,0.2274222836324868,12,0.1748182853381609,14,0.4056507599394991,16,0.3794280695162576,0,0,0,0,0,0,0,0,0,0,0,0
D,189.0,Wesley Fofana,5.0,5.0,Chelsea,3,0.0423885540092911,6,0.1564481382570411,9,0.2407057149734358,13,0.281361705071745,18,0.4351355000029709,19,0.4740293126147097,0,0,0,0,0,0,0,0,0,0,0,0
D,147.0,Adam Webster,4.5,4.5,Brighton,9,0.2072474589564761,12,0.30031927289192,12,0.1386834697360226,13,0.4254985624663775,13,0.331124779982714,13,0.2063004704895101,0,0,0,0,0,0,0,0,0,0,0,0
M,493.0,Giovani Lo Celso,5.0,5.0,Spurs,6,0.1943947858236676,9,0.285137469985396,9,0.2330968844621214,10,0.1840653839719745,11,0.3582548126248333,12,0.3506514128963599,0,0,0,0,0,0,0,0,0,0,0,0
F,258.0,Carlos Vinícius,5.0,5.0,Fulham,4,0.1501450598899105,5,0.2307487044461853,6,0.2571077035073918,8,0.3617967443466739,8,0.310176846748574,8,0.2802035453593461,0,0,0,0,0,0,0,0,0,0,0,0
M,,Romain Faivre,4.5,4.5,Bournemouth,5,0.161188080699552,8,0.2805742068751673,9,0.2924272372357789,8,0.2687174310798863,9,0.2338117258181692,8,0.3519509578098137,0,0,0,0,0,0,0,0,0,0,0,0
D,448.0,Joe Worrall,4.0,4.0,Nott'm Forest,7,0.167114357751726,9,0.2347803103443992,11,0.3054817611126962,14,0.1588102498963524,16,0.3172170934499065,15,0.3905538238582289,0,0,0,0,0,0,0,0,0,0,0,0
M,,Hamed Junior Traorè,4.5,4.5,Bournemouth,7,0.2013684794706743,9,0.2746404813778702,9,0.2617371564308977,9,0.2632329882962363,9,0.206486905274207,9,0.3465423895372994,0,0,0,0,0,0,0,0,0,0,0,0
D,355.0,Rico Lewis,5.0,5.0,Man City,4,0.1147473987160606,6,0.2860524487574706,6,0.2156613739035593,8,0.3241218761397903,9,0.2353381203959799,10,0.2923495056589719,0,0,0,0,0,0,0,0,0,0,0,0
D,,Mads Roerslev,4.5,4.5,Brentford,7,0.1782330167737598,7,0.0935326643486011,12,0.3692753825210871,13,0.1347368096673558,14,0.2358713447172404,13,0.3552429419728365,0,0,0,0,0,0,0,0,0,0,0,0
D,552.0,Ki-Jana Hoever,4.0,4.0,Wolves,14,0.1200482116731121,19,0.3102160763801551,22,0.4391890334667892,9,0.1626232603389002,10,0.1765504081907507,12,0.1527170329016743,0,0,0,0,0,0,0,0,0,0,0,0
M,,Lewis Dobbin,4.5,4.5,Aston Villa,5,0.1620239512178738,6,0.1157272001808472,7,0.2358364883066063,8,0.2619435432554398,7,0.2559785667249654,9,0.3206851439059394,0,0,0,0,0,0,0,0,0,0,0,0
M,501.0,Oliver Skipp,4.5,4.5,Spurs,8,0.1943169201162411,10,0.2370702632131478,10,0.1874233760867606,11,0.1577911429873337,12,0.2842073283138571,12,0.2592762498367221,0,0,0,0,0,0,0,0,0,0,0,0
D,288.0,Conor Coady,4.0,4.0,Leicester,7,0.1157007362036973,10,0.1918426081117479,13,0.2410901901644659,16,0.2828993443726518,16,0.3605581924931339,18,0.1183071856691269,0,0,0,0,0,0,0,0,0,0,0,0
G,521.0,Łukasz Fabiański,4.0,4.0,West Ham,3,0.1164484866035348,3,0.1211977155146918,5,0.2031641014015905,7,0.2888470428647882,6,0.2323758589665651,8,0.3173926195941174,0,0,0,0,0,0,0,0,0,0,0,0
M,213.0,Jesuran Rak Sakyi,4.5,4.5,Crystal Palace,5,0.163458747250007,5,0.1979796470100188,5,0.1443959815856514,6,0.2461376438322892,6,0.2237039362387849,8,0.2541846142186652,0,0,0,0,0,0,0,0,0,0,0,0
D,269.0,George Edmundson,4.0,4.0,Ipswich,10,0.0941029304562204,14,0.0602808240440052,13,0.2811708719744749,15,0.2192562067551046,14,0.2918003715613806,16,0.2654124811015569,0,0,0,0,0,0,0,0,0,0,0,0
M,,Samuel Iling-Junior,5.0,5.0,Aston Villa,5,0.1434849939641818,6,0.1060495913823199,8,0.2400633554589101,7,0.2033930424412767,8,0.2556073169986894,7,0.2221789932864598,0,0,0,0,0,0,0,0,0,0,0,0
D,215.0,Joel Ward,4.5,4.5,Crystal Palace,4,0.0850013392133912,7,0.1759425957978989,9,0.1320816259680671,9,0.254660720294637,11,0.2509369434448629,11,0.2371443259923783,0,0,0,0,0,0,0,0,0,0,0,0
D,,Emerson,4.5,4.5,Spurs,4,0.1106377886533676,7,0.1874609549001243,8,0.138874782438249,10,0.1333959872227622,12,0.3146222334492647,10,0.2181643647850151,0,0,0,0,0,0,0,0,0,0,0,0
M,,Yehor Yarmoliuk,4.5,4.5,Brentford,4,0.1002597002700904,5,0.0870913368880381,8,0.2437666059918267,9,0.1376864650868671,10,0.2130653729834505,10,0.2852825198931148,0,0,0,0,0,0,0,0,0,0,0,0
M,161.0,Carney Chukwuemeka,5.0,5.0,Chelsea,3,0.0675118280901245,4,0.143780217532831,5,0.1818073234285619,6,0.1915272531163321,6,0.217945536618338,7,0.2489899336618035,0,0,0,0,0,0,0,0,0,0,0,0
M,246.0,Luke Harris,4.5,4.5,Fulham,4,0.118713762556802,4,0.1468857033256285,5,0.1738306590285231,5,0.1763398677453791,7,0.2070419279477903,7,0.1987127611375568,0,0,0,0,0,0,0,0,0,0,0,0
M,370.0,Christian Eriksen,5.5,5.5,Man Utd,3,0.0906722357167451,5,0.124769880847014,6,0.1290169935638286,7,0.2153373417976977,9,0.2325964329542635,8,0.212873525503461,0,0,0,0,0,0,0,0,0,0,0,0
D,8.0,Jakub Kiwior,5.5,5.5,Arsenal,4,0.1678956293112688,5,0.1534166433667251,5,0.1872567894272132,5,0.1442657481404892,4,0.0890761083090593,6,0.2606212183973705,0,0,0,0,0,0,0,0,0,0,0,0
G,14.0,Aaron Ramsdale,5.0,5.0,Arsenal,2,0.0864157501482911,3,0.1156262834816482,4,0.1660550338334532,4,0.1525631840909627,6,0.2179909636973721,6,0.2631079560223161,0,0,0,0,0,0,0,0,0,0,0,0
F,545.0,Fábio Silva,5.0,5.0,Wolves,4,0.0810480907027165,4,0.1368313437439917,5,0.1670962821339519,6,0.2162870169052016,6,0.204241347516542,6,0.1757199313841166,0,0,0,0,0,0,0,0,0,0,0,0
M,174.0,Roméo Lavia,4.5,4.5,Chelsea,5,0.0729884675585621,7,0.1671327653041279,7,0.1669953365524746,8,0.1713529777050901,8,0.1939146644956822,8,0.1796766924341999,0,0,0,0,0,0,0,0,0,0,0,0
G,283.0,Christian Walton,4.5,4.5,Ipswich,1,0.0382565138308689,3,0.1346352241635018,4,0.1473028300244697,5,0.2040527675673939,6,0.2334167028456361,5,0.1763517424143301,0,0,0,0,0,0,0,0,0,0,0,0
D,195.0,Chadi Riad,4.5,4.5,Crystal Palace,4,0.0921332126720489,5,0.1372840162370679,7,0.1173029111175899,7,0.2141231313265593,7,0.1758609293043786,8,0.1863037574166924,0,0,0,0,0,0,0,0,0,0,0,0
M,458.0,Shea Charles,4.5,4.5,Southampton,4,0.0674409055701696,6,0.1277748218168433,7,0.1410182514575597,8,0.176724889270901,8,0.2205278710730477,9,0.1726013066304155,0,0,0,0,0,0,0,0,0,0,0,0
D,496.0,Sergio Reguilón,5.0,5.0,Spurs,5,0.1515476281173711,5,0.148622361522656,5,0.1001278340908041,6,0.0886487100704823,7,0.2065920317907943,8,0.1959526021045275,0,0,0,0,0,0,0,0,0,0,0,0
M,33.0,Leander Dendoncker,4.5,4.5,Aston Villa,5,0.1262672432606144,7,0.1106437132202806,8,0.2121243689330865,7,0.1797104181355297,5,0.1382738612156754,4,0.1130689076980024,0,0,0,0,0,0,0,0,0,0,0,0
D,228.0,Michael Keane,4.0,4.0,Everton,2,0.0541578991929673,4,0.0807293500557209,5,0.1378524301963359,8,0.1744923117370671,7,0.2074280139561598,8,0.225400234963119,0,0,0,0,0,0,0,0,0,0,0,0
M,386.0,Jadon Sancho,6.5,6.5,Man Utd,4,0.1551025880236699,3,0.0953904121006708,3,0.0850596142329945,4,0.1567718176465902,5,0.1618234668369035,5,0.1758407754670974,0,0,0,0,0,0,0,0,0,0,0,0
G,294.0,Daniel Iversen,4.0,4.0,Leicester,1,0.0362288045314527,2,0.0796725680923115,4,0.1422466934286424,5,0.1910381300732861,5,0.1781312707582452,5,0.195829529405532,0,0,0,0,0,0,0,0,0,0,0,0
M,30.0,Enzo Barrenechea,4.5,4.5,Aston Villa,5,0.1219117441537407,7,0.1063944789620199,9,0.2309776755466625,6,0.1490717427659984,3,0.0799450275019806,4,0.109812058183393,0,0,0,0,0,0,0,0,0,0,0,0
M,273.0,Cameron Humphreys,4.5,4.5,Ipswich,4,0.0591998107276279,5,0.0699713323042899,6,0.1362468806066659,8,0.1559736708086628,8,0.185788626404023,9,0.1812697138434417,0,0,0,0,0,0,0,0,0,0,0,0
F,555.0,Sasa Kalajdzic,5.0,5.0,Wolves,0,0.0,3,0.1107964528958324,5,0.178327704957845,5,0.1944892365714939,4,0.1451906782479161,5,0.1564237795908464,0,0,0,0,0,0,0,0,0,0,0,0
M,,Stefan Bajcetic,4.5,4.5,Liverpool,2,0.0648944475202446,3,0.0940959724227434,4,0.1114148364034743,5,0.1509963107915977,6,0.1803111619091325,6,0.1760767123281004,0,0,0,0,0,0,0,0,0,0,0,0
G,445.0,Matt Turner,4.5,4.5,Nott'm Forest,2,0.0722184336030201,2,0.0767500621469696,3,0.1120887145423333,4,0.1568181987987341,4,0.153241633053562,4,0.1482096042473697,0,0,0,0,0,0,0,0,0,0,0,0
G,51.0,Robin Olsen,4.5,4.5,Aston Villa,1,0.0364129006861098,2,0.0633240895205451,3,0.1131212840540873,4,0.1416902416466889,4,0.1484196297503493,5,0.1966516502190246,0,0,0,0,0,0,0,0,0,0,0,0
G,367.0,Altay Bayındır,5.0,5.0,Man Utd,2,0.0770860652167681,2,0.0812723108644154,3,0.1163418482967897,3,0.1196242377657518,4,0.1532138010751798,4,0.1487684550583,0,0,0,0,0,0,0,0,0,0,0,0
G,325.0,Caoimhín Kelleher,5.0,5.0,Liverpool,2,0.0857526518646627,3,0.1190340616866182,3,0.1210675877072323,3,0.1160895186072372,3,0.1188182993453825,3,0.1214595459841349,0,0,0,0,0,0,0,0,0,0,0,0
D,371.0,Jonny Evans,4.5,4.5,Man Utd,2,0.049087510661645,4,0.0779310104311219,5,0.0670668121711114,7,0.173921876521598,7,0.1424189381474896,8,0.1424963232245013,0,0,0,0,0,0,0,0,0,0,0,0
D,266.0,Harry Clarke,4.5,4.5,Ipswich,4,0.0379999707833533,4,0.0252769134780378,6,0.1282919734108123,8,0.1165170470220929,8,0.1649506151727978,9,0.1468706660864201,0,0,0,0,0,0,0,0,0,0,0,0
G,466.0,Joe Lumley,4.0,4.0,Southampton,2,0.0794407451855009,1,0.0340698387163525,3,0.1125771275496057,3,0.1095074654975437,3,0.1166079913179826,4,0.1531516702143981,0,0,0,0,0,0,0,0,0,0,0,0
G,412.0,Odisseas Vlachodimos,5.0,5.0,Newcastle,0,0.0,2,0.0803488056812808,3,0.1154958310458758,4,0.1615032888749187,3,0.1226264858179981,3,0.1137046247729749,0,0,0,0,0,0,0,0,0,0,0,0
G,,Daniel Bentley,4.0,4.0,Wolves,1,0.0378296739353237,2,0.0713697001182497,3,0.1067719598486486,3,0.1071348994694727,4,0.1497229376641123,3,0.1133922458861268,0,0,0,0,0,0,0,0,0,0,0,0
M,137.0,Jakub Moder,4.5,4.5,Brighton,2,0.049329878327777,4,0.1137983955348776,3,0.045169642565307,4,0.1356071480084201,4,0.1081664567934098,6,0.1296583009942662,0,0,0,0,0,0,0,0,0,0,0,0
M,,James Mcatee,5.0,5.0,Man City,1,0.0359299085099935,2,0.1098593296706003,2,0.0848650058972798,3,0.1418666670952038,3,0.0871068683465224,3,0.1116716063343167,0,0,0,0,0,0,0,0,0,0,0,0
M,489.0,Archie Gray,4.5,4.5,Spurs,1,0.0286604217597286,3,0.0830852416948155,4,0.0925861914763818,5,0.0891439727035448,5,0.140200830505986,5,0.1294858948747505,0,0,0,0,0,0,0,0,0,0,0,0
G,242.0,Steven Benda,4.5,4.5,Fulham,1,0.0381125073252153,2,0.0757670412136569,3,0.118298164374255,3,0.1075038995610827,3,0.1050088028430987,3,0.1054468744772006,0,0,0,0,0,0,0,0,0,0,0,0
D,,Mathias Jørgensen,4.0,4.0,Brentford,1,0.0239779538827795,2,0.0243933963124552,5,0.1467263217635732,6,0.0578710824706462,7,0.1080380261573582,7,0.1814672538577395,0,0,0,0,0,0,0,0,0,0,0,0
M,188.0,Lesley Ugochukwu,4.5,4.5,Chelsea,2,0.0274746971112667,3,0.070141711200511,4,0.0933464438633007,5,0.1041352709121159,4,0.0948892525417743,6,0.1316794846167447,0,0,0,0,0,0,0,0,0,0,0,0
G,227.0,João Virgínia,4.5,4.5,Everton,0,0.0,2,0.0747787893733917,3,0.1082615090983917,3,0.1099575297746003,3,0.1142396645287525,3,0.1081558145271526,0,0,0,0,0,0,0,0,0,0,0,0
F,69.0,Daniel Jebbison,5.0,5.0,Bournemouth,2,0.0727757477406173,3,0.1223538493595669,3,0.1091341048905303,2,0.0778481245305301,1,0.0297046040902821,2,0.1004259125519152,0,0,0,0,0,0,0,0,0,0,0,0
G,488.0,Fraser Forster,4.5,4.5,Spurs,0,0.0,2,0.0731805296073626,3,0.1118466506829309,3,0.0973723361489217,3,0.1100023459390148,3,0.1150609208266034,0,0,0,0,0,0,0,0,0,0,0,0
D,202.0,Rob Holding,4.5,4.5,Crystal Palace,2,0.0469397579366417,2,0.0561194896396572,3,0.0525154596214483,4,0.1245326706091136,5,0.1281189256234619,4,0.095125276786795,0,0,0,0,0,0,0,0,0,0,0,0
M,343.0,Oscar Bobb,5.5,5.5,Man City,0,0.0,2,0.1143019573605719,2,0.0874233344467979,2,0.0981559502733659,3,0.0879077031703901,3,0.1148007498297752,0,0,0,0,0,0,0,0,0,0,0,0
M,190.0,Naouirou Ahamada,4.5,4.5,Crystal Palace,2,0.0466553102372635,3,0.0824179306611162,3,0.0583283859765949,4,0.1153440257849477,3,0.0765273812799933,5,0.1166327484737765,0,0,0,0,0,0,0,0,0,0,0,0
M,,Ibrahim Osman,4.5,4.5,Brighton,3,0.083095077738129,3,0.094157377100402,4,0.0717847415509803,3,0.1112535498028043,2,0.0598396061707691,2,0.0483282365868233,0,0,0,0,0,0,0,0,0,0,0,0
D,457.0,James Bree,4.0,4.0,Southampton,1,0.0149787821674068,3,0.0662532524772388,2,0.03870938668911,3,0.0651652047778049,4,0.1180596204447414,4,0.0723537632042461,0,0,0,0,0,0,0,0,0,0,0,0
F,470.0,Paul Onuachu,5.0,5.0,Southampton,0,0.0,0,0.0,2,0.0700274597112308,2,0.0834231602183571,2,0.0966363657283131,2,0.0670814967743563,0,0,0,0,0,0,0,0,0,0,0,0
G,,Scott Carson,4.5,4.5,Man City,0,0.0,0,0.0,1,0.0404512486464218,2,0.0832135746226795,2,0.0704751421373466,2,0.0779117935518435,0,0,0,0,0,0,0,0,0,0,0,0
M,,Malcolm Ebiowei,4.5,4.5,Crystal Palace,1,0.0327118967165867,1,0.039823915390517,0,0.0,1,0.0412791185557407,2,0.0748382923641356,2,0.063366403558537,0,0,0,0,0,0,0,0,0,0,0,0
M,,Luke Cundle,4.5,4.5,Wolves,0,0.0,1,0.0231654693714917,1,0.02442723698832,2,0.0490365318229436,3,0.0718639935689911,3,0.0584091389419737,0,0,0,0,0,0,0,0,0,0,0,0
M,,Chiquinho,4.5,4.5,Wolves,0,0.0,1,0.0347540187194356,0,0.0,2,0.0731520855543949,2,0.0691654082986319,1,0.0292321397847386,0,0,0,0,0,0,0,0,0,0,0,0
M,10.0,Reiss Nelson,5.5,5.5,Arsenal,0,0.0,1,0.0395009330492506,0,0.0,0,0.0,1,0.0271952322825517,2,0.1093263584709368,0,0,0,0,0,0,0,0,0,0,0,0
F,11.0,Eddie Nketiah,6.0,6.0,Arsenal,1,0.0522675442804517,1,0.0388823419036218,0,0.0,0,0.0,1,0.0262789898586065,1,0.0539962315063298,0,0,0,0,0,0,0,0,0,0,0,0
D,416.0,Matt Targett,4.5,4.5,Newcastle,0,0.0,0,0.0,1,0.0245680387535596,2,0.0566225881364705,2,0.0530797813129403,2,0.0312757099618393,0,0,0,0,0,0,0,0,0,0,0,0
F,,David Datro Fofana,5.5,5.5,Chelsea,0,0.0,0,0.0,0,0.0,1,0.0372422750989129,1,0.0422963999771446,2,0.0829037194139636,0,0,0,0,0,0,0,0,0,0,0,0
M,119.0,Mahmoud Dahoud,4.5,4.5,Brighton,0,0.0,0,0.0,1,0.0159564125746802,1,0.0319850741810845,2,0.0517388046197501,2,0.0417356942852691,0,0,0,0,0,0,0,0,0,0,0,0
M,359.0,Kalvin Phillips,5.0,5.0,Man City,0,0.0,0,0.0,0,0.0,1,0.0358577085466131,1,0.0232555164407184,2,0.057237783601529,0,0,0,0,0,0,0,0,0,0,0,0
D,,Jamal Lewis,4.5,4.5,Newcastle,0,0.0,0,0.0,0,0.0,1,0.0307653433350222,1,0.0287717284281575,2,0.0346451835703582,0,0,0,0,0,0,0,0,0,0,0,0
M,150.0,Andrey Santos,4.5,4.5,Chelsea,0,0.0,0,0.0,0,0.0,1,0.0237570010270064,0,0.0,2,0.0506045237543762,0,0,0,0,0,0,0,0,0,0,0,0
M,411.0,Lewis Miley,5.0,5.0,Newcastle,0,0.0,0,0.0,0,0.0,0,0.0,0,0.0,3,0.0583545700287453,0,0,0,0,0,0,0,0,0,0,0,0
M,373.0,Hannibal Mejbri,4.5,4.5,Man Utd,0,0.0,0,0.0,0,0.0,0,0.0,1,0.0252384132102884,1,0.0253780857965835,0,0,0,0,0,0,0,0,0,0,0,0
D,279.0,Corrie Ndaba,4.0,4.0,Ipswich,0,0.0,0,0.0,0,0.0,0,0.0,1,0.0227694748390082,1,0.018574831797714,0,0,0,0,0,0,0,0,0,0,0,0
D,303.0,Harry Souttar,4.0,4.0,Leicester,0,0.0,0,0.0,0,0.0,0,0.0,1,0.0235200049830672,1,0.0101255781693859,0,0,0,0,0,0,0,0,0,0,0,0
M,262.0,Nathan Broadhead,5.5,5.5,Ipswich,0,0.0,0,0.0,0,0.0,0,0.0,0,0.0,1,0.0336274474172812,0,0,0,0,0,0,0,0,0,0,0,0
F,,Jay Stansfield,5.0,5.0,Fulham,0,0.0,0,0.0,0,0.0,0,0.0,0,0.0,1,0.0322300414128179,0,0,0,0,0,0,0,0,0,0,0,0
G,427.0,Carlos Miguel,4.0,4.0,Nott'm Forest,0,0.0,0,0.0,0,0.0,0,0.0,0,0.0,0,0.0,0,0,0,0,0,0,0,0,0,0,0,0
M,,Michael Golding,4.5,4.5,Leicester,0,0.0,0,0.0,0,0.0,0,0.0,0,0.0,0,0.0,0,0,0,0,0,0,0,0,0,0,0,0
F,165.0,Deivid Washington,5.0,5.0,Chelsea,0,0.0,0,0.0,0,0.0,0,0.0,0,0.0,0,0.0,0,0,0,0,0,0,0,0,0,0,0,0
M,481.0,Lucas Bergvall,4.5,4.5,Spurs,0,0.0,0,0.0,0,0.0,0,0.0,0,0.0,0,0.0,0,0,0,0,0,0,0,0,0,0,0,0
G,396.0,Martin Dúbravka,5.0,5.0,Newcastle,0,0.0,0,0.0,0,0.0,0,0.0,0,0.0,0,0.0,0,0,0,0,0,0,0,0,0,0,0,0
G,39.0,Joe Gauci,4.5,4.5,Aston Villa,0,0.0,0,0.0,0,0.0,0,0.0,0,0.0,0,0.0,0,0,0,0,0,0,0,0,0,0,0,0
G,556.0,Tom King,4.0,4.0,Wolves,0,0.0,0,0.0,0,0.0,0,0.0,0,0.0,0,0.0,0,0,0,0,0,0,0,0,0,0,0,0
M,,Sávio,6.5,6.5,Man City,0,0.0,0,0.0,0,0.0,0,0.0,0,0.0,0,0.0,0,0,0,0,0,0,0,0,0,0,0,0
M,60.0,Tyler Adams,4.5,4.5,Bournemouth,0,0.0,0,0.0,0,0.0,0,0.0,0,0.0,0,0.0,0,0,0,0,0,0,0,0,0,0,0,0
M,,Rodrigo Gomes,5.0,5.0,Wolves,0,0.0,0,0.0,0,0.0,0,0.0,0,0.0,0,0.0,0,0,0,0,0,0,0,0,0,0,0,0
M,,Omari Kellyman,4.5,4.5,Chelsea,0,0.0,0,0.0,0,0.0,0,0.0,0,0.0,0,0.0,0,0,0,0,0,0,0,0,0,0,0,0
M,318.0,Ben Doak,5.0,5.0,Liverpool,0,0.0,0,0.0,0,0.0,0,0.0,0,0.0,0,0.0,0,0,0,0,0,0,0,0,0,0,0,0
G,522.0,Wes Foderingham,4.0,4.0,West Ham,0,0.0,0,0.0,0,0.0,0,0.0,0,0.0,0,0.0,0,0,0,0,0,0,0,0,0,0,0,0
G,280.0,Cieran Slicker,4.0,4.0,Ipswich,0,0.0,0,0.0,0,0.0,0,0.0,0,0.0,0,0.0,0,0,0,0,0,0,0,0,0,0,0,0
M,141.0,Jeremy Sarmiento,4.5,4.5,Brighton,0,0.0,0,0.0,0,0.0,0,0.0,0,0.0,0,0.0,0,0,0,0,0,0,0,0,0,0,0,0
M,,Samuel Amo-Ameyaw,4.5,4.5,Southampton,0,0.0,0,0.0,0,0.0,0,0.0,0,0.0,0,0.0,0,0,0,0,0,0,0,0,0,0,0,0
D,464.0,Juan Larios,4.0,4.0,Southampton,0,0.0,0,0.0,0,0.0,0,0.0,0,0.0,0,0.0,0,0,0,0,0,0,0,0,0,0,0,0
G,308.0,Danny Ward,4.0,4.0,Leicester,0,0.0,0,0.0,0,0.0,0,0.0,0,0.0,0,0.0,0,0,0,0,0,0,0,0,0,0,0,0
M,184.0,Renato Veiga,4.5,4.5,Chelsea,0,0.0,0,0.0,0,0.0,0,0.0,0,0.0,0,0.0,0,0,0,0,0,0,0,0,0,0,0,0
D,573.0,Nikola Milenković,4.5,4.5,Nott'm Forest,0,0.0,0,0.0,0,0.0,0,0.0,0,0.0,0,0.0,0,0,0,0,0,0,0,0,0,0,0,0
F,123.0,Evan Ferguson,6.0,6.0,Brighton,0,0.0,0,0.0,0,0.0,0,0.0,0,0.0,0,0.0,0,0,0,0,0,0,0,0,0,0,0,0
M,,Joseph Hodge,4.5,4.5,Wolves,0,0.0,0,0.0,0,0.0,0,0.0,0,0.0,0,0.0,0,0,0,0,0,0,0,0,0,0,0,0
M,,Cesare Casadei,4.5,4.5,Chelsea,0,0.0,0,0.0,0,0.0,0,0.0,0,0.0,0,0.0,0,0,0,0,0,0,0,0,0,0,0,0
D,,Pedro Lima,4.5,4.5,Wolves,0,0.0,0,0.0,0,0.0,0,0.0,0,0.0,0,0.0,0,0,0,0,0,0,0,0,0,0,0,0
D,261.0,Elkan Baggott,4.0,4.0,Ipswich,0,0.0,0,0.0,0,0.0,0,0.0,0,0.0,0,0.0,0,0,0,0,0,0,0,0,0,0,0,0
D,572.0,Leny Yoro,5.0,5.0,Man Utd,0,0.0,0,0.0,0,0.0,0,0.0,0,0.0,0,0.0,0,0,0,0,0,0,0,0,0,0,0,0
M,384.0,Facundo Pellistri,4.5,4.5,Man Utd,0,0.0,0,0.0,0,0.0,0,0.0,0,0.0,0,0.0,0,0,0,0,0,0,0,0,0,0,0,0
D,393.0,Sven Botman,5.0,5.0,Newcastle,0,0.0,0,0.0,0,0.0,0,0.0,0,0.0,0,0.0,0,0,0,0,0,0,0,0,0,0,0,0
D,460.0,Ronnie Edwards,4.0,4.0,Southampton,0,0.0,0,0.0,0,0.0,0,0.0,0,0.0,0,0.0,0,0,0,0,0,0,0,0,0,0,0,0
D,407.0,Jamaal Lascelles,5.0,5.0,Newcastle,0,0.0,0,0.0,0,0.0,0,0.0,0,0.0,0,0.0,0,0,0,0,0,0,0,0,0,0,0,0
G,304.0,Jakub Stolarczyk,4.0,4.0,Leicester,0,0.0,0,0.0,0,0.0,0,0.0,0,0.0,0,0.0,0,0,0,0,0,0,0,0,0,0,0,0
G,374.0,Tom Heaton,4.5,4.5,Man Utd,0,0.0,0,0.0,0,0.0,0,0.0,0,0.0,0,0.0,0,0,0,0,0,0,0,0,0,0,0,0
G,465.0,Mateusz Lis,4.0,4.0,Southampton,0,0.0,0,0.0,0,0.0,0,0.0,0,0.0,0,0.0,0,0,0,0,0,0,0,0,0,0,0,0
G,454.0,Gavin Bazunu,4.5,4.5,Southampton,0,0.0,0,0.0,0,0.0,0,0.0,0,0.0,0,0.0,0,0,0,0,0,0,0,0,0,0,0,0
M,,Bobby Clark,4.5,4.5,Liverpool,0,0.0,0,0.0,0,0.0,0,0.0,0,0.0,0,0.0,0,0,0,0,0,0,0,0,0,0,0,0
D,,Kortney Hause,4.0,4.0,Aston Villa,0,0.0,0,0.0,0,0.0,0,0.0,0,0.0,0,0.0,0,0,0,0,0,0,0,0,0,0,0,0
