Pos,ID,Name,BV,SV,Team,1_xMins,1_Pts,2_xMins,2_Pts,3_xMins,3_Pts,4_xMins,4_Pts,5_xMins,5_Pts,6_xMins,6_Pts,7_xMins,7_Pts,8_xMins,8_Pts,9_xMins,9_Pts,10_xMins,10_Pts,11_xMins,11_Pts,12_xMins,12_Pts,Elite%
M,1,Fábio Vieira,5.5,5.5,Arsenal,18,1.2,20,1.12,22,1.42,22,1.18,23,1.11,25,1.7,25,1.79,24,1.44,26,1.43,25,1.35,25,1.33,26,1.75,0
F,2,G.Jesus,7,7,Arsenal,35,2.62,36,2.27,38,2.89,40,2.33,38,1.87,43,3.59,43,3.62,42,2.82,43,2.69,42,2.47,44,2.46,44,3.48,0.01
D,3,Gabriel,6,6,Arsenal,89,4.66,85,3.23,83,4.06,80,2.92,80,1.97,79,4.42,78,4.43,78,3.39,78,3,77,2.86,77,2.67,77,4.27,0.13
F,4,Havertz,8,8,Arsenal,79,5.19,73,3.95,71,4.8,71,3.71,70,2.97,67,5.22,68,5.26,68,4.18,69,3.83,68,3.7,69,3.48,68,4.91,0.14
G,5,Hein,4,4,Arsenal,0,0,0,0,0,0,0,0,0,0,0,0,0,0,0,0,0,0,0,0,0,0,0,0,0
D,6,J.Timber,5.5,5.5,Arsenal,42,2.21,41,1.58,38,1.85,37,1.36,35,0.95,37,2,36,1.99,39,1.68,39,1.49,40,1.53,38,1.37,40,2.17,0.02
M,7,Jorginho,5,5,Arsenal,38,1.55,37,1.33,38,1.51,37,1.33,39,1.27,38,1.59,38,1.59,38,1.41,40,1.44,39,1.38,39,1.34,38,1.56,0
D,8,Kiwior,5,5,Arsenal,6,0.26,6,0.22,5,0.24,5,0.21,5,0.16,6,0.28,6,0.3,6,0.25,6,0.24,6,0.24,6,0.23,6,0.31,0
F,9,Martinelli,7.5,7.5,Arsenal,57,4.14,56,3.33,54,3.97,54,2.98,54,2.48,54,4.41,53,4.43,54,3.57,54,3.23,54,3.09,54,2.96,53,4.12,0.04
M,10,Nelson,5,5,Arsenal,1,0.13,0,0,0,0,0,0,2,0.13,2,0.2,1,0.14,2,0.13,2,0.14,2,0.15,2,0.14,3,0.21,0
F,11,Nketiah,6,6,Arsenal,2,0.17,2,0.15,0,0,0,0,1,0.1,2,0.2,2,0.22,2,0.16,2,0.16,2,0.14,2,0.14,2,0.21,0
M,12,Nwaneri,4.5,4.5,Arsenal,0,0,1,0.08,3,0.2,3,0.21,3,0.22,5,0.33,5,0.34,5,0.33,5,0.3,6,0.32,5,0.29,6,0.37,0
M,13,Ødegaard,8.5,8.5,Arsenal,90,5.92,89,4.6,87,5.61,87,4.37,87,3.47,84,6.39,84,6.45,84,5.03,83,4.59,84,4.21,84,4.11,82,5.91,0.17
G,14,Ramsdale,4.5,4.5,Arsenal,1,0.06,2,0.09,3,0.13,4,0.15,4,0.15,5,0.21,5,0.24,7,0.27,7,0.27,7,0.28,6,0.23,6,0.3,0.01
G,15,Raya,5.5,5.5,Arsenal,94,4.18,93,3.59,92,3.9,91,3.44,91,3.13,90,4.11,90,4.08,88,3.55,88,3.35,88,3.39,89,3.31,88,4.06,0.21
M,16,Rice,6.5,6.5,Arsenal,80,3.34,87,2.98,83,3.4,82,2.75,82,2.34,81,3.71,79,3.67,80,3.01,79,2.8,78,2.67,78,2.54,77,3.44,0.06
F,17,Saka,6,6,Arsenal,80,6.72,86,5.55,84,7.13,84,5.22,83,4.16,80,7.66,80,7.77,80,5.86,77,5.22,79,4.98,78,4.8,79,7.23,0.27
D,18,Saliba,6,6,Arsenal,92,4.36,88,3.1,87,3.82,84,2.78,83,1.85,84,4.18,83,4.16,83,3.26,84,2.89,83,2.83,84,2.63,82,4.09,0.41
M,19,Smith Rowe,5.5,5.5,Arsenal,5,0.39,3,0.2,1,0.11,1,0.1,2,0.11,2,0.16,2,0.2,2,0.15,2,0.16,2,0.15,2,0.12,2,0.17,0
M,20,Thomas,5,5,Arsenal,40,1.69,35,1.33,37,1.54,35,1.31,35,1.16,35,1.61,37,1.7,36,1.43,37,1.39,37,1.34,37,1.31,37,1.61,0
D,21,Tierney,4.5,4.5,Arsenal,0,0,0,0,0,0,0,0,0,0,0,0,0,0,0,0,0,0,0,0,0,0,0,0,0
D,22,Tomiyasu,5,5,Arsenal,7,0.32,12,0.49,15,0.7,20,0.77,25,0.73,24,1.32,27,1.47,27,1.18,27,1.07,27,1.07,29,1.08,27,1.48,0
M,23,Trossard,7,7,Arsenal,43,3.13,43,2.62,46,3.4,45,2.59,45,2.14,46,3.83,46,3.9,48,3.17,46,2.79,46,2.67,47,2.64,48,3.71,0.03
D,24,White,6.5,6.5,Arsenal,85,4.26,83,3.07,79,3.7,78,2.75,77,1.89,74,3.94,73,3.94,75,3.1,73,2.78,74,2.71,74,2.49,73,3.83,0.12
D,25,Zinchenko,5,5,Arsenal,24,1.29,19,0.85,22,1.21,19,0.84,19,0.67,21,1.26,20,1.19,19,0.98,22,1,21,0.95,21,0.91,20,1.15,0.02
D,26,Alex Moreno,4.5,4.5,Aston Villa,16,0.65,16,0.58,18,0.81,18,0.87,19,0.94,18,0.86,20,0.83,22,0.9,21,1.01,18,0.66,21,0.67,22,1.03,0.01
F,27,Archer,5,5,Aston Villa,4,0.29,4,0.3,5,0.43,5,0.42,5,0.39,6,0.48,5,0.42,5,0.39,6,0.54,5,0.36,6,0.37,6,0.44,0.01
M,28,Bailey,6.5,6.5,Aston Villa,66,3.54,64,2.98,59,3.6,56,3.59,55,3.55,55,3.51,55,3.13,54,3.1,55,3.69,53,2.72,54,2.55,54,3.31,0.04
M,29,Barkley,5.5,5.5,Aston Villa,26,1.29,27,1.18,28,1.56,24,1.42,21,1.26,20,1.16,19,1.04,20,1.11,19,1.18,21,0.98,21,0.95,20,1.14,0.01
M,30,Barrenechea,5,5,Aston Villa,10,0.35,11,0.36,13,0.46,10,0.38,9,0.32,8,0.3,9,0.31,9,0.32,8,0.32,9,0.3,9,0.28,8,0.3,0
M,31,Buendia,5.5,5.5,Aston Villa,5,0.35,5,0.35,6,0.46,6,0.47,6,0.49,6,0.47,7,0.49,8,0.52,7,0.56,8,0.48,7,0.43,7,0.51,0
D,32,Cash,4.5,4.5,Aston Villa,50,1.74,49,1.4,52,2.14,50,2.36,47,2.21,50,2.17,50,1.86,48,1.76,47,2.12,48,1.38,48,1.12,50,2.17,0.03
M,33,Dendoncker,4.5,4.5,Aston Villa,10,0.47,11,0.49,12,0.58,11,0.51,9,0.46,8,0.38,8,0.38,9,0.41,9,0.47,9,0.38,9,0.41,9,0.43,0.01
M,34,Diaby,6.5,6.5,Aston Villa,40,2.17,40,1.95,42,2.51,41,2.54,40,2.56,37,2.29,40,2.27,40,2.26,37,2.47,38,1.91,36,1.7,38,2.35,0.01
D,35,Diego Carlos,4.5,4.5,Aston Villa,44,1.31,45,1.08,45,1.59,45,1.8,47,1.87,45,1.68,46,1.48,44,1.34,47,1.77,44,1.08,47,0.9,47,1.72,0.01
D,36,Digne,4.5,4.5,Aston Villa,41,1.55,40,1.28,39,1.74,41,2.03,39,1.98,39,1.87,40,1.6,38,1.49,38,1.88,39,1.27,37,1.02,40,1.79,0.02
M,37,Dobbin,5,5,Aston Villa,3,0.24,4,0.27,4,0.3,4,0.32,4,0.32,5,0.37,5,0.33,5,0.34,6,0.42,6,0.39,4,0.28,6,0.42,0
F,38,Duran,6,6,Aston Villa,12,0.76,13,0.73,14,0.97,14,0.91,14,0.99,15,0.98,15,0.93,14,0.88,15,1.1,14,0.83,16,0.85,16,1.05,0
G,39,Gauci,4,4,Aston Villa,0,0,0,0,0,0,0,0,0,0,0,0,0,0,0,0,0,0,0,0,0,0,0,0,0
D,40,Hause,4,4,Aston Villa,0,0,0,0,0,0,0,0,0,0,0,0,2,0.05,0,0,1,0.04,2,0.04,0,0,1,0.04,0.01
M,41,Iling Jr,5.5,5.5,Aston Villa,3,0.21,4,0.26,4,0.32,5,0.35,4,0.33,4,0.32,5,0.33,5,0.34,5,0.39,5,0.33,5,0.33,5,0.35,0
M,42,Kamara,5,5,Aston Villa,0,0,0,0,0,0,32,1.02,60,1.86,72,2.16,69,1.98,69,1.99,69,2.14,68,1.81,70,1.75,70,2.08,0
D,43,Kesler-Hayden,4,4,Aston Villa,1,0.04,1,0.04,1,0.06,2,0.09,2,0.08,2,0.09,2,0.09,2,0.07,2,0.08,2,0.08,1,0.05,2,0.08,0
D,44,Konsa,4.5,4.5,Aston Villa,91,2.56,88,2.05,86,2.96,85,3.43,84,3.36,83,3.12,84,2.51,83,2.39,82,3.06,83,1.94,84,1.56,81,2.95,0.19
D,45,Maatsen,5,5,Aston Villa,42,1.53,43,1.34,41,1.78,41,1.96,41,1.95,42,1.93,39,1.52,40,1.53,40,1.89,42,1.28,40,1.05,38,1.69,0.06
G,46,Marschall,4,4,Aston Villa,0,0,0,0,0,0,0,0,0,0,0,0,0,0,0,0,0,0,0,0,0,0,0,0,0
G,47,Martinez,5,5,Aston Villa,93,3.4,92,3.14,92,3.54,92,3.65,92,3.67,90,3.56,92,3.31,91,3.3,90,3.47,91,3.13,91,2.98,91,3.48,0.13
M,48,McGinn,5.5,5.5,Aston Villa,86,3.24,84,2.77,82,3.44,80,3.68,78,3.66,76,3.59,78,3.3,77,3.23,78,3.79,76,2.77,76,2.62,76,3.45,0.02
D,49,Mings,4.5,4.5,Aston Villa,33,1.05,35,0.92,39,1.42,37,1.54,39,1.6,43,1.66,37,1.23,41,1.26,40,1.55,39,1,40,0.82,40,1.5,0.01
D,50,Nedeljkovic,4,4,Aston Villa,0,0,0,0,2,0.07,1,0.07,2,0.09,2,0.1,2,0.09,2,0.09,3,0.12,2,0.06,2,0.06,2,0.07,0
G,51,Olsen,4.5,4.5,Aston Villa,2,0.06,3,0.09,2,0.09,3,0.13,3,0.12,4,0.17,3,0.11,4,0.14,4,0.17,4,0.13,4,0.13,4,0.14,0
D,52,Pau,4.5,4.5,Aston Villa,61,1.77,61,1.44,56,1.93,60,2.32,58,2.29,54,2,57,1.73,58,1.72,58,2.13,61,1.43,57,1.07,56,2.01,0.01
M,53,Ramsey,5.5,5.5,Aston Villa,20,1.1,22,1.09,23,1.33,23,1.38,23,1.32,20,1.18,20,1.11,22,1.17,21,1.27,22,1.09,22,1.06,22,1.22,0
M,54,Rogers,5,5,Aston Villa,64,3.03,64,2.64,62,3.27,58,3.19,54,3.01,57,3.06,53,2.7,52,2.63,53,3.1,52,2.31,51,2.13,52,2.72,0.06
G,55,Sinisalo,4,4,Aston Villa,0,0,0,0,0,0,0,0,0,0,0,0,0,0,0,0,0,0,0,0,0,0,0,0,0
D,56,Sousa,4,4,Aston Villa,0,0,0,0,0,0,0,0,0,0,0,0,0,0,0,0,0,0,0,0,0,0,0,0,0
M,57,Tielemans,5.5,5.5,Aston Villa,59,2.53,56,2.18,55,2.6,51,2.56,44,2.25,42,2.12,43,2.04,43,1.97,42,2.26,44,1.83,43,1.77,44,2.18,0.01
F,58,Watkins,9,9,Aston Villa,90,4.94,88,4.13,86,5.38,85,5.45,85,5.55,84,5.26,84,4.91,84,4.92,83,5.76,83,4.04,84,3.81,83,5.05,0.56
D,59,Aarons,4.5,4.5,Bournemouth,27,0.97,31,0.99,32,1.05,33,0.98,35,0.67,33,1.38,35,1.19,35,0.82,34,0.84,34,0.67,33,1.03,34,1.2,0
M,60,Adams,5,5,Bournemouth,0,0,0,0,0,0,0,0,0,0,0,0,0,0,0,0,0,0,15,0.46,33,0.98,37,1.15,0
M,61,Anthony,4.5,4.5,Bournemouth,3,0.23,4,0.3,4,0.31,4,0.28,4,0.27,4,0.33,4,0.3,5,0.33,5,0.32,4,0.28,5,0.35,5,0.36,0
M,62,Brooks,5,5,Bournemouth,0,0,0,0,3,0.21,8,0.5,9,0.46,9,0.63,8,0.51,8,0.46,8,0.49,9,0.48,9,0.52,10,0.61,0
M,63,Christie,5,5,Bournemouth,76,2.72,75,2.61,74,2.5,73,2.51,71,2.09,69,2.9,69,2.52,67,2.09,69,2.17,64,1.99,62,2.15,60,2.34,0
M,64,Cook,5,5,Bournemouth,88,2.54,84,2.43,79,2.25,79,2.26,77,1.96,76,2.6,75,2.28,76,1.99,76,2.05,75,1.91,73,2.1,72,2.26,0
F,65,Enes Ünal,5.5,5.5,Bournemouth,0,0,0,0,0,0,13,0.74,24,1.15,28,2.04,30,1.79,31,1.54,30,1.59,31,1.48,30,1.71,30,1.88,0
M,66,Faivre,5,5,Bournemouth,5,0.32,8,0.46,10,0.55,8,0.43,8,0.38,8,0.55,8,0.49,8,0.42,9,0.48,9,0.47,8,0.43,8,0.46,0
M,67,H.Traorè,4.5,4.5,Bournemouth,6,0.43,9,0.55,10,0.6,8,0.49,7,0.4,9,0.68,8,0.54,9,0.46,10,0.56,10,0.51,9,0.56,9,0.57,0
D,68,Hill,4,4,Bournemouth,2,0.06,4,0.11,7,0.2,8,0.2,9,0.15,9,0.32,12,0.34,11,0.24,11,0.26,12,0.21,13,0.35,12,0.38,0
F,69,Jebbison,4.5,4.5,Bournemouth,1,0.12,2,0.18,4,0.28,2,0.17,1,0.11,1,0.14,1,0.11,1,0.1,1,0.09,2,0.15,2,0.14,2,0.14,0.01
D,70,Kerkez,4.5,4.5,Bournemouth,77,2.63,74,2.3,74,2.31,71,1.99,72,1.2,70,2.99,71,2.39,68,1.47,70,1.63,69,1.23,70,2.06,68,2.38,0.01
M,71,Kluivert,5.5,5.5,Bournemouth,66,3.26,65,3.15,63,2.9,58,2.76,56,2.21,57,3.42,57,2.9,56,2.31,55,2.41,55,2.23,57,2.65,55,3,0.01
D,72,Mepham,4.5,4.5,Bournemouth,8,0.23,14,0.39,16,0.45,17,0.45,16,0.28,17,0.63,18,0.56,20,0.42,19,0.43,21,0.39,19,0.54,21,0.67,0
G,73,Neto,4.5,4.5,Bournemouth,34,1.24,35,1.2,34,1.19,34,1.13,36,1.16,36,1.37,35,1.26,34,1.08,35,1.16,35,1.1,37,1.28,36,1.23,0.03
M,74,O.Dango,5,5,Bournemouth,29,1.48,31,1.54,33,1.55,35,1.61,33,1.34,35,1.95,35,1.71,36,1.47,37,1.55,37,1.47,35,1.59,36,1.8,0
G,75,Paulsen,4,4,Bournemouth,0,0,0,0,0,0,0,0,0,0,0,0,0,0,0,0,0,0,0,0,0,0,0,0,0
M,76,Philip,5,5,Bournemouth,19,1,22,1.09,24,1.13,25,1.19,27,1.1,27,1.52,28,1.33,28,1.15,28,1.22,26,1.08,23,1.09,21,1.09,0
M,77,Scott,5,5,Bournemouth,34,1.42,36,1.47,38,1.5,39,1.5,39,1.35,37,1.74,37,1.54,39,1.41,38,1.41,33,1.22,29,1.22,29,1.28,0
M,78,Semenyo,5.5,5.5,Bournemouth,65,3.24,65,3.11,62,2.87,62,2.88,60,2.35,58,3.49,57,2.93,58,2.37,58,2.51,57,2.31,56,2.63,59,3.08,0.01
D,79,Senesi,5,5,Bournemouth,88,2.71,85,2.36,82,2.33,80,1.98,81,1.13,81,3.11,78,2.41,78,1.46,79,1.61,77,1.15,76,2.06,76,2.38,0.01
M,80,Sinisterra,5,5,Bournemouth,39,2.04,41,2.12,40,1.96,38,1.94,37,1.59,36,2.28,36,1.93,37,1.63,36,1.69,35,1.56,34,1.72,35,1.99,0
D,81,Smith,4.5,4.5,Bournemouth,67,2.12,64,1.83,62,1.81,60,1.53,59,0.95,59,2.3,58,1.81,59,1.21,59,1.3,58,0.99,59,1.67,59,1.89,0
F,82,Solanke,7.5,7.5,Bournemouth,92,5.08,88,4.9,85,4.32,84,4.45,85,3.64,82,5.76,82,4.86,81,3.57,82,3.93,79,3.53,79,4.14,78,4.82,0.1
M,83,Tavernier,5.5,5.5,Bournemouth,63,3.09,61,2.92,61,2.83,58,2.73,57,2.22,56,3.3,56,2.88,55,2.28,54,2.32,54,2.15,53,2.5,54,2.89,0
G,84,Travers,4.5,4.5,Bournemouth,61,2.22,60,2.09,61,2.19,61,2.04,59,1.93,58,2.21,60,2.18,61,1.97,60,1.98,59,1.88,58,2.03,59,2.11,0
D,85,Zabarnyi,4.5,4.5,Bournemouth,91,2.51,87,2.12,85,2.2,84,1.81,83,1.01,83,2.75,82,2.16,81,1.35,81,1.48,81,1.07,82,1.95,81,2.2,0.01
D,86,Ajer,4.5,4.5,Brentford,21,0.74,24,0.52,28,1.18,29,0.45,30,0.76,31,1.11,32,1.24,35,0.84,33,1.43,34,1,33,1.2,30,0.99,0
M,87,Brierley,4.5,4.5,Brentford,0,0,0,0,0,0,0,0,0,0,0,0,0,0,0,0,0,0,0,0,0,0,0,0,0
D,88,Collins,4.5,4.5,Brentford,59,1.93,57,0.9,56,2.18,55,0.58,55,1.12,54,1.74,53,1.92,55,1.11,56,2.25,56,1.46,56,1.94,56,1.66,0
M,89,Damsgaard,5,5,Brentford,44,1.94,46,1.66,48,2.39,47,1.55,47,1.79,46,2.06,44,2,46,1.7,44,2.16,46,1.89,48,2.17,48,1.91,0
M,90,Dasilva,5,5,Brentford,7,0.43,8,0.42,11,0.57,13,0.55,14,0.61,15,0.74,15,0.72,16,0.69,16,0.82,16,0.77,16,0.8,17,0.78,0
G,91,Flekken,4.5,4.5,Brentford,94,3.5,93,3.06,92,3.64,91,2.96,91,3.03,91,3.36,91,3.5,91,3.05,90,3.63,90,3.15,92,3.42,91,3.35,0.14
D,92,Henry,4.5,4.5,Brentford,83,2.92,81,1.38,79,3.3,77,0.89,75,1.64,73,2.54,74,2.88,73,1.6,73,3.23,74,2.08,73,2.68,74,2.32,0.01
D,93,Hickey,4.5,4.5,Brentford,82,2.76,79,1.27,75,3.01,74,0.8,73,1.53,73,2.44,72,2.71,71,1.51,72,3.04,70,1.92,68,2.37,71,2.16,0
M,94,Janelt,5,5,Brentford,72,2.41,69,1.95,68,2.59,67,1.82,64,1.9,65,2.26,66,2.33,64,1.88,65,2.47,67,2.13,64,2.28,64,2.05,0
M,95,Jensen,5.5,5.5,Brentford,68,2.56,66,2.05,65,2.8,63,1.86,62,2.06,64,2.5,64,2.5,63,2.07,62,2.67,61,2.21,60,2.44,60,2.11,0
D,96,Ji-soo,4,4,Brentford,0,0,0,0,0,0,0,0,0,0,0,0,0,0,0,0,0,0,0,0,0,0,0,0,0
M,97,Konak,4.5,4.5,Brentford,0,0,0,0,0,0,0,0,0,0,0,0,0,0,0,0,0,0,0,0,0,0,0,0,0
M,98,Lewis-Potter,5,5,Brentford,18,1.06,21,1.01,21,1.32,21,0.94,24,1.18,25,1.42,24,1.4,25,1.21,26,1.61,24,1.27,27,1.56,25,1.29,0
M,99,Mbeumo,7,7,Brentford,76,4.02,74,3.07,74,4.79,72,2.65,70,3.1,71,4.09,69,4.03,70,3.14,69,4.55,69,3.57,69,4.18,67,3.35,0.08
D,100,Mee,4.5,4.5,Brentford,71,2.56,71,1.28,68,2.94,71,0.84,70,1.59,69,2.51,68,2.71,68,1.54,69,3.15,67,1.95,67,2.52,70,2.29,0.01
M,101,Nørgaard,5,5,Brentford,78,2.53,75,2.03,72,2.67,71,1.83,70,2.02,68,2.37,67,2.31,66,1.89,66,2.5,66,2.09,66,2.29,66,2.03,0
M,102,Onyeka,5,5,Brentford,19,0.81,21,0.82,23,1.1,24,0.86,27,1.01,26,1.11,27,1.15,28,1.03,30,1.32,26,1.06,29,1.23,28,1.09,0
M,103,Peart-Harris,4.5,4.5,Brentford,0,0,0,0,0,0,0,0,0,0,0,0,0,0,0,0,0,0,0,0,0,0,0,0,0
D,104,Pinnock,4.5,4.5,Brentford,76,2.57,74,1.18,73,2.98,71,0.73,72,1.49,71,2.39,71,2.65,70,1.45,70,2.95,67,1.76,69,2.37,69,2.07,0.01
D,105,Roerslev,4.5,4.5,Brentford,6,0.27,9,0.27,11,0.48,12,0.29,13,0.43,12,0.49,14,0.59,15,0.5,13,0.62,15,0.58,15,0.65,15,0.55,0
M,106,Schade,5.5,5.5,Brentford,14,0.81,17,0.82,19,1.27,21,0.95,20,0.98,23,1.34,23,1.33,24,1.15,21,1.34,21,1.12,22,1.31,22,1.15,0
F,107,Thiago,6,6,Brentford,19,1.18,20,1.01,21,1.49,19,0.92,22,1.13,22,1.43,23,1.47,22,1.14,23,1.58,24,1.38,23,1.5,24,1.31,0.01
F,108,Toney,7.5,7.5,Brentford,91,5.15,87,3.66,85,5.93,84,3.13,83,3.78,82,4.84,80,4.75,80,3.71,80,5.37,81,4.24,80,5.1,80,4.05,0.12
G,109,Valdimarsson,4,4,Brentford,0,0,2,0.06,3,0.11,4,0.14,3,0.12,4,0.15,3,0.13,4,0.13,4,0.18,5,0.17,3,0.12,4,0.15,0.01
F,110,Wissa,6,6,Brentford,40,2.08,40,1.7,41,2.51,42,1.63,42,1.85,41,2.17,41,2.24,38,1.72,40,2.42,41,2.04,40,2.25,43,2.04,0.03
M,111,Yarmoliuk,4.5,4.5,Brentford,4,0.27,6,0.32,8,0.43,9,0.39,10,0.44,10,0.48,11,0.5,11,0.46,13,0.59,12,0.52,13,0.59,11,0.48,0.03
D,112,Zanka,4.5,4.5,Brentford,1,0.05,3,0.08,5,0.2,6,0.1,6,0.17,7,0.24,7,0.27,8,0.19,8,0.32,8,0.24,8,0.29,8,0.26,0
M,113,Adingra,5.5,5.5,Brighton,47,2.24,47,2.29,46,1.76,36,2.19,26,1.59,26,1.21,26,1.4,25,1.28,27,1.55,25,1.16,26,1.18,25,1.39,0.01
M,114,Baker-Boaitey,4.5,4.5,Brighton,0,0,0,0,0,0,0,0,0,0,0,0,0,0,0,0,0,0,0,0,0,0,0,0,0
M,115,Baleba,5,5,Brighton,33,1.2,36,1.27,35,1.09,34,1.36,35,1.36,36,1.16,36,1.27,37,1.21,39,1.43,36,1.12,37,1.15,38,1.3,0
D,116,Barco,4,4,Brighton,45,1.54,44,1.46,45,0.82,34,1.66,22,1.03,19,0.52,21,0.74,20,0.59,20,0.86,21,0.5,20,0.5,21,0.73,0.04
M,117,Buonanotte,5,5,Brighton,17,0.89,19,0.98,18,0.8,19,1.11,17,0.95,16,0.75,16,0.82,17,0.82,17,0.92,18,0.81,15,0.69,15,0.79,0
M,118,Cozier-Duberry,4.5,4.5,Brighton,0,0,0,0,0,0,0,0,0,0,0,0,0,0,0,0,0,0,0,0,0,0,0,0,0
M,119,Dahoud,5,5,Brighton,0,0,0,0,2,0.12,2,0.13,2,0.14,3,0.17,2,0.17,3,0.17,4,0.23,3,0.2,3,0.2,4,0.23,0
D,120,Dunk,4.5,4.5,Brighton,92,2.9,88,2.55,86,1.25,84,3.8,83,3.52,83,1.66,83,2.42,84,1.95,83,3.23,83,1.38,84,1.46,82,2.34,0.04
M,121,Enciso,5.5,5.5,Brighton,20,1.12,22,1.24,24,1.08,22,1.49,18,1.16,19,0.97,17,0.96,18,0.93,18,1.08,19,0.94,19,0.95,18,1.02,0
D,122,Estupiñan,5,5,Brighton,0,0,0,0,0,0,27,1.36,60,2.91,67,1.63,65,2.23,66,1.84,67,2.93,65,1.37,64,1.43,63,2.11,0
F,123,Ferguson,5.5,5.5,Brighton,0,0,0,0,0,0,0,0,0,0,0,0,6,0.4,14,0.81,14,0.93,14,0.74,16,0.87,16,1.03,0
M,124,Gilmour,5,5,Brighton,14,0.56,18,0.72,17,0.63,22,0.93,19,0.81,21,0.78,21,0.81,20,0.77,21,0.86,20,0.71,21,0.77,21,0.82,0
M,125,Gross,6.5,6.5,Brighton,88,3.58,86,3.69,85,2.73,82,4.43,84,4.28,82,2.97,81,3.5,81,3.03,79,3.8,81,2.82,81,2.87,81,3.44,0.02
M,126,Hinshelwood,5,5,Brighton,21,0.92,22,0.96,23,0.89,22,1.07,19,0.91,19,0.77,22,0.94,22,0.88,24,1.07,21,0.81,20,0.78,21,0.89,0
M,127,I.Osman,5,5,Brighton,2,0.18,4,0.27,4,0.26,3,0.27,2,0.2,2,0.16,2,0.17,2,0.14,2,0.2,2,0.17,3,0.19,2,0.18,0
D,128,Igor,4.5,4.5,Brighton,53,1.62,53,1.48,51,0.79,41,1.69,30,1.15,29,0.63,28,0.83,29,0.72,28,1.04,29,0.56,31,0.61,31,0.89,0
F,129,João Pedro,5.5,5.5,Brighton,71,3.75,66,3.84,66,2.76,62,4.44,63,4.32,60,2.94,60,3.46,60,3.03,59,3.7,59,2.71,58,2.73,59,3.36,0.2
M,130,Kozlowski,4.5,4.5,Brighton,0,0,0,0,0,0,0,0,0,0,0,0,0,0,0,0,0,0,0,0,0,0,0,0,0
D,131,Lamptey,4.5,4.5,Brighton,21,0.83,22,0.87,24,0.62,22,1.07,23,1.11,22,0.68,20,0.77,22,0.74,22,1,21,0.61,22,0.65,22,0.83,0.01
M,132,March,6.5,6.5,Brighton,0,0,0,0,0,0,28,1.65,55,3.18,62,2.57,59,2.86,58,2.5,58,3.11,57,2.29,57,2.27,57,2.73,0
M,133,Mazilu,4.5,4.5,Brighton,0,0,0,0,0,0,0,0,0,0,0,0,0,0,0,0,0,0,0,0,0,0,0,0,0
M,134,Milner,5,5,Brighton,12,0.5,15,0.64,16,0.61,15,0.68,15,0.69,14,0.57,15,0.64,15,0.6,16,0.7,16,0.64,16,0.62,15,0.64,0
M,135,Minteh,5.5,5.5,Brighton,30,1.62,29,1.61,30,1.35,22,1.57,18,1.2,16,0.83,15,0.92,15,0.79,16,1.06,14,0.73,16,0.81,17,1.01,0
M,136,Mitoma,6.5,6.5,Brighton,81,3.54,78,3.54,77,2.6,75,4.2,72,3.93,72,2.79,72,3.23,72,2.87,69,3.53,71,2.66,72,2.74,71,3.26,0.02
M,137,Moder,4.5,4.5,Brighton,2,0.15,4,0.24,5,0.27,5,0.32,4,0.26,5,0.27,5,0.31,6,0.34,6,0.35,5,0.27,6,0.32,5,0.31,0
F,138,O’Mahony,4.5,4.5,Brighton,1,0.1,1,0.1,2,0.13,3,0.17,2,0.14,3,0.16,2,0.13,2,0.13,2,0.13,1,0.1,2,0.12,2,0.16,0
D,139,Offiah,4,4,Brighton,0,0,0,0,0,0,0,0,0,0,0,0,0,0,0,0,0,0,0,0,0,0,0,0,0
M,140,Peupion,4.5,4.5,Brighton,0,0,0,0,0,0,0,0,0,0,0,0,0,0,0,0,0,0,0,0,0,0,0,0,0
M,141,Sarmiento,5,5,Brighton,0,0,0,0,0,0,0,0,0,0,0,0,0,0,0,0,0,0,0,0,0,0,0,0,0
G,142,Steele,4.5,4.5,Brighton,79,2.92,79,2.79,58,1.9,29,1.18,27,1.09,30,1.03,31,1.1,29,0.99,29,1.14,28,0.94,30,0.96,29,1.03,0.01
F,143,Undav,5.5,5.5,Brighton,31,1.81,31,1.84,34,1.56,35,2.6,33,2.39,34,1.76,30,1.83,29,1.56,28,1.84,30,1.48,28,1.43,29,1.82,0
D,144,Van Hecke,4.5,4.5,Brighton,90,2.62,86,2.31,84,1.12,82,3.4,81,3.21,81,1.52,81,2.17,78,1.7,81,2.95,80,1.22,79,1.26,75,2.04,0
D,145,Veltman,4.5,4.5,Brighton,53,1.8,50,1.61,48,0.89,49,2.21,46,1.98,45,1.07,44,1.4,42,1.13,41,1.66,44,0.91,42,0.93,45,1.39,0
G,146,Verbruggen,4.5,4.5,Brighton,0,0,0,0,27,0.87,63,2.57,64,2.54,61,2.05,59,2.03,62,2.18,60,2.33,61,2.01,60,1.91,61,2.14,0.03
D,147,Webster,4.5,4.5,Brighton,8,0.29,13,0.44,16,0.33,15,0.66,14,0.58,13,0.35,15,0.49,13,0.38,12,0.46,14,0.33,14,0.33,14,0.46,0
F,148,Welbeck,5.5,5.5,Brighton,30,1.62,29,1.63,28,1.23,29,1.97,28,1.85,25,1.3,25,1.48,23,1.23,23,1.53,25,1.24,25,1.27,22,1.31,0
M,149,Wieffer,5,5,Brighton,81,2.42,77,2.39,76,1.95,75,2.68,73,2.52,74,2.02,72,2.22,71,1.98,69,2.31,71,1.87,71,1.87,70,2.11,0
M,150,Andrey Santos,4.5,4.5,Chelsea,0,0,0,0,1,0.05,1,0.07,1,0.07,1,0.07,2,0.09,2,0.07,2,0.09,1,0.06,2,0.11,2,0.09,0
M,151,Ângelo,4.5,4.5,Chelsea,0,0,0,0,0,0,0,0,0,0,0,0,0,0,0,0,0,0,0,0,0,0,0,0,0
G,152,Arrizabalaga,4.5,4.5,Chelsea,0,0,0,0,0,0,0,0,0,0,0,0,0,0,0,0,0,0,0,0,0,0,0,0,0.01
D,153,B.Badiashile,4.5,4.5,Chelsea,53,1.26,52,1.98,49,2.02,50,1.74,44,1.5,46,1.86,44,2.13,45,1.09,41,1.54,43,1.26,42,1.22,43,1.74,0
G,154,Bergström,4,4,Chelsea,0,0,0,0,0,0,0,0,0,0,0,0,0,0,0,0,0,0,0,0,0,0,0,0,0
G,155,Bettinelli,4,4,Chelsea,0,0,0,0,0,0,0,0,0,0,0,0,0,0,0,0,0,0,0,0,0,0,0,0,0
F,156,Broja,5.5,5.5,Chelsea,8,0.51,9,0.64,10,0.7,11,0.77,13,0.84,13,0.93,14,1.04,14,0.81,13,0.9,14,0.84,15,0.83,14,0.97,0
M,157,Caicedo,5,5,Chelsea,78,1.99,77,2.17,76,2.31,77,2.17,75,2.08,74,2.23,72,2.35,71,1.79,73,2.13,75,1.93,72,1.88,70,2.1,0.01
M,158,Casadei,4.5,4.5,Chelsea,0,0,0,0,0,0,0,0,0,0,0,0,0,0,0,0,0,0,0,0,0,0,0,0,0
D,159,Chalobah,4.5,4.5,Chelsea,40,0.94,41,1.51,42,1.7,35,1.19,38,1.24,34,1.4,37,1.69,37,0.84,35,1.29,36,1.03,36,0.99,36,1.43,0
D,160,Chilwell,5,5,Chelsea,26,0.89,28,1.3,27,1.37,26,1.19,27,1.15,26,1.33,28,1.65,28,0.93,28,1.32,29,1.09,27,1,27,1.35,0.01
M,161,Chukwuemeka,5,5,Chelsea,3,0.18,5,0.31,6,0.37,6,0.39,6,0.37,7,0.47,8,0.49,6,0.36,7,0.42,7,0.38,7,0.41,7,0.45,0
D,162,Colwill,4.5,4.5,Chelsea,30,0.86,32,1.31,31,1.35,29,1.1,31,1.12,32,1.35,33,1.58,32,0.85,33,1.3,33,1.05,35,1.08,33,1.38,0.01
D,163,Cucurella,5,5,Chelsea,73,1.72,69,2.59,70,2.91,68,2.45,65,2.19,64,2.68,63,3.07,64,1.45,63,2.37,61,1.73,63,1.76,63,2.52,0.09
F,164,D.D.Fofana,5.5,5.5,Chelsea,0,0,0,0,1,0.12,1,0.11,2,0.17,2,0.17,2,0.16,2,0.15,2,0.19,2,0.16,2,0.18,2,0.23,0
F,165,Deivid,5,5,Chelsea,0,0,0,0,0,0,0,0,0,0,0,0,0,0,0,0,0,0,0,0,0,0,0,0,0
M,166,Dewsbury-Hall,6,6,Chelsea,11,0.47,14,0.65,18,0.85,17,0.81,19,0.88,19,0.96,18,0.97,20,0.79,19,0.88,22,0.89,20,0.85,22,1.06,0.01
D,167,Disasi,4.5,4.5,Chelsea,62,1.44,57,2.06,57,2.23,57,1.91,54,1.72,53,2.02,54,2.48,53,1.17,51,1.82,53,1.42,55,1.46,53,2.03,0.01
M,168,Enzo,5,5,Chelsea,83,2.55,82,2.96,80,3.21,80,3.01,80,2.91,80,3.27,78,3.45,78,2.4,77,3.01,77,2.53,77,2.49,75,3.04,0.01
M,169,Gallagher,6,6,Chelsea,59,2.04,53,2.13,51,2.2,50,2.02,49,1.96,50,2.23,46,2.22,46,1.56,48,1.98,47,1.69,47,1.69,51,2.21,0.01
D,170,Gilchrist,4,4,Chelsea,3,0.1,5,0.2,6,0.25,1,0.05,1,0.06,1,0.06,2,0.1,2,0.08,2,0.09,2,0.06,2,0.06,2,0.09,0.01
D,171,Gusto,5,5,Chelsea,81,2.14,77,3.16,77,3.5,33,1.34,36,1.4,36,1.61,35,1.85,36,1.02,38,1.6,37,1.23,36,1.19,38,1.68,0.04
D,172,James,5,5,Chelsea,0,0,0,0,0,0,58,2.78,55,2.49,55,3.04,54,3.45,52,1.72,51,2.51,52,2.03,53,2.01,52,2.8,0
M,173,Kellyman,4.5,4.5,Chelsea,0,0,0,0,0,0,0,0,0,0,0,0,0,0,0,0,0,0,0,0,0,0,0,0,0
M,174,Lavia,4.5,4.5,Chelsea,4,0.19,7,0.28,7,0.31,7,0.3,7,0.3,8,0.35,9,0.39,10,0.39,10,0.4,10,0.39,10,0.37,10,0.39,0
F,175,Lukaku,6.5,6.5,Chelsea,0,0,0,0,0,0,0,0,0,0,0,0,0,0,0,0,0,0,0,0,0,0,0,0,0.01
D,176,M.Sarr,4.5,4.5,Chelsea,0,0,0,0,0,0,0,0,0,0,0,0,0,0,0,0,0,0,0,0,0,0,0,0,0
M,177,Madueke,6.5,6.5,Chelsea,31,1.55,32,1.86,31,1.93,32,1.86,34,1.91,31,2.03,32,2.19,33,1.6,34,2.01,34,1.77,31,1.56,33,2.04,0.01
F,178,Marc Guiu,5,5,Chelsea,0,0,0,0,0,0,0,0,0,0,0,0,0,0,0,0,0,0,0,0,0,0,0,0,0.01
M,179,Mudryk,6.5,6.5,Chelsea,35,1.71,36,2.04,37,2.28,38,2.22,37,2.08,37,2.33,38,2.61,38,1.83,37,2.19,36,1.8,38,1.88,38,2.33,0
F,180,N.Jackson,7.5,7.5,Chelsea,62,2.84,63,3.39,60,3.52,61,3.46,60,3.28,59,3.68,59,3.87,58,2.6,59,3.33,60,2.87,60,2.79,60,3.6,0.04
M,181,Nkunku,6.5,6.5,Chelsea,68,3.53,65,4.04,65,4.54,63,4.16,61,3.81,63,4.71,62,5.02,62,3.14,61,4.02,59,3.31,60,3.17,59,4.1,0.12
M,182,Palmer,10.5,10.5,Chelsea,84,4.82,81,5.48,80,6.18,81,5.64,80,5.3,79,6.42,77,6.76,78,4.22,78,5.75,76,4.41,76,4.46,77,5.89,0.56
G,183,Petrović,4.5,4.5,Chelsea,33,1.09,32,1.25,33,1.32,37,1.38,33,1.2,34,1.36,33,1.39,38,1.32,35,1.33,36,1.29,34,1.19,33,1.32,0.03
M,184,Renato Veiga,4.5,4.5,Chelsea,0,0,0,0,0,0,0,0,0,0,0,0,0,0,0,0,0,0,0,0,0,0,0,0,0
G,185,Sánchez,4.5,4.5,Chelsea,62,2.1,63,2.4,62,2.42,58,2.14,62,2.26,60,2.34,61,2.57,56,1.88,59,2.22,58,2.02,61,2.09,61,2.4,0.1
M,186,Sterling,7,7,Chelsea,31,1.64,31,1.94,32,2.06,30,1.9,31,1.91,32,2.19,33,2.43,34,1.75,32,2.02,34,1.86,35,1.81,33,2.18,0.04
D,187,Tosin,4.5,4.5,Chelsea,19,0.49,23,0.83,21,0.83,20,0.69,21,0.71,21,0.83,20,0.89,21,0.51,24,0.9,22,0.64,20,0.55,22,0.84,0
M,188,Ugochukwu,4.5,4.5,Chelsea,2,0.12,3,0.19,4,0.26,4,0.26,4,0.23,5,0.31,5,0.31,6,0.3,6,0.32,7,0.32,6,0.3,6,0.32,0
D,189,W.Fofana,4.5,4.5,Chelsea,2,0.05,5,0.15,9,0.32,12,0.39,18,0.6,21,0.84,21,0.97,19,0.48,22,0.83,20,0.58,20,0.58,20,0.76,0
M,190,Ahamada,4.5,4.5,Crystal Palace,2,0.11,2,0.14,3,0.13,4,0.21,4,0.2,4,0.22,5,0.23,5,0.26,5,0.24,6,0.27,5,0.27,5,0.23,0
D,191,Andersen,4.5,4.5,Crystal Palace,91,2.77,90,3.2,89,1.83,87,3.63,87,2.57,87,2.82,86,2.1,85,2.97,86,2.55,86,2.71,85,3.06,85,2.04,0.23
M,192,J.Ayew,5.5,5.5,Crystal Palace,43,2.09,41,2.27,40,1.75,42,2.54,40,1.97,41,1.98,39,1.86,40,2.06,40,1.99,41,1.99,40,2.29,42,1.89,0.01
M,193,C.Doucouré,5,5,Crystal Palace,37,1.3,38,1.43,38,1.23,40,1.53,39,1.36,40,1.39,40,1.32,39,1.4,40,1.38,40,1.37,41,1.48,42,1.35,0
D,194,C.Richards,4.5,4.5,Crystal Palace,55,1.64,54,1.85,54,1.14,53,2.1,53,1.54,53,1.68,55,1.33,53,1.78,54,1.58,53,1.64,53,1.8,53,1.3,0
D,195,Chadi Riad,4.5,4.5,Crystal Palace,3,0.09,5,0.15,6,0.14,8,0.27,8,0.22,7,0.22,7,0.19,9,0.29,9,0.25,9,0.29,10,0.33,10,0.25,0
D,196,Clyne,4.5,4.5,Crystal Palace,13,0.46,17,0.65,19,0.53,21,0.92,21,0.71,24,0.88,24,0.74,22,0.8,24,0.81,23,0.81,25,0.99,24,0.73,0
M,197,Ebiowei,4.5,4.5,Crystal Palace,0,0,1,0.09,1,0.08,1,0.12,2,0.16,2,0.17,2,0.19,2,0.2,2,0.18,2,0.19,2,0.21,3,0.21,0
F,198,Edouard,5.5,5.5,Crystal Palace,58,2.96,46,2.76,38,1.8,38,2.52,38,2.08,37,1.98,39,2,37,2.08,38,2.09,38,1.95,37,2.28,37,1.85,0.01
M,199,Eze,7,7,Crystal Palace,85,5.11,80,5.65,78,4,75,5.96,78,4.75,76,4.43,75,4.26,74,4.7,75,4.6,76,4.41,75,5.43,76,4.14,0.33
D,200,Guéhi,4.5,4.5,Crystal Palace,91,2.83,88,3.13,88,1.86,86,3.54,86,2.6,85,2.81,85,2.16,85,2.96,84,2.56,84,2.67,85,3.02,85,2.12,0.1
G,201,Henderson,4.5,4.5,Crystal Palace,72,2.62,67,2.5,66,2.22,69,2.71,64,2.23,65,2.4,66,2.23,63,2.4,62,2.17,65,2.38,66,2.47,62,2.11,0.04
D,202,Holding,4.5,4.5,Crystal Palace,2,0.06,3,0.09,3,0.06,4,0.13,4,0.11,5,0.14,5,0.11,6,0.17,5,0.14,4,0.12,5,0.16,5,0.11,0
M,203,Hughes,5,5,Crystal Palace,12,0.49,13,0.56,13,0.51,15,0.66,15,0.62,16,0.67,15,0.62,18,0.75,17,0.7,16,0.65,17,0.73,17,0.69,0
G,204,Johnstone,4.5,4.5,Crystal Palace,23,0.84,28,1.07,29,0.98,26,1.03,31,1.11,30,1.13,28,0.96,32,1.21,33,1.15,30,1.13,29,1.07,32,1.1,0.01
M,205,Kamada,5.5,5.5,Crystal Palace,62,2.91,61,3.24,61,2.55,59,3.44,59,2.8,59,2.74,58,2.59,59,2.95,56,2.69,57,2.65,57,3.07,56,2.44,0.01
M,206,Lerma,5,5,Crystal Palace,66,2.04,68,2.29,67,1.83,65,2.36,62,1.96,62,1.92,64,1.91,63,1.98,62,1.91,61,1.88,61,2.07,61,1.79,0
F,207,Mateta,7.5,7.5,Crystal Palace,38,2.18,56,3.52,74,3.32,72,4.97,72,3.82,71,3.7,71,3.53,71,3.88,71,3.79,71,3.62,69,4.35,71,3.42,0.09
M,208,M.França,4.5,4.5,Crystal Palace,19,1.02,20,1.16,18,0.91,19,1.21,21,1.11,20,1.09,21,1.05,21,1.16,22,1.21,21,1.12,23,1.34,20,1,0
G,209,Matthews,4,4,Crystal Palace,0,0,0,0,0,0,0,0,0,0,0,0,0,0,0,0,0,0,0,0,0,0,0,0,0
D,210,Mitchell,5,5,Crystal Palace,85,2.66,81,2.98,80,1.77,78,3.34,79,2.46,79,2.63,78,2.04,80,2.85,77,2.37,77,2.52,75,2.81,77,1.95,0.03
D,211,Muñoz,5,5,Crystal Palace,88,2.99,83,3.42,81,1.96,80,3.85,79,2.68,77,2.8,76,2.19,78,3.07,77,2.58,77,2.72,76,3.18,76,2.13,0.04
M,212,Ozoh,4.5,4.5,Crystal Palace,0,0,0,0,0,0,0,0,0,0,0,0,0,0,0,0,0,0,0,0,0,0,0,0,0
M,213,Rak-Sakyi,4.5,4.5,Crystal Palace,6,0.4,5,0.4,5,0.33,6,0.47,6,0.44,7,0.43,6,0.4,8,0.53,6,0.43,8,0.5,9,0.6,8,0.49,0
M,214,Schlupp,5,5,Crystal Palace,9,0.48,10,0.57,10,0.48,13,0.72,11,0.56,13,0.63,14,0.65,13,0.66,14,0.69,15,0.71,14,0.75,14,0.65,0
D,215,Ward,4.5,4.5,Crystal Palace,4,0.12,7,0.23,9,0.21,10,0.36,12,0.36,10,0.3,13,0.34,12,0.4,14,0.43,14,0.42,14,0.49,14,0.37,0
M,216,Wharton,5,5,Crystal Palace,80,2.61,78,2.75,76,2.24,74,2.94,74,2.48,72,2.37,73,2.28,72,2.46,70,2.34,71,2.34,71,2.63,70,2.15,0.01
M,217,A.Doucoure,5.5,5.5,Everton,82,3.56,79,2.79,77,3.51,75,2.72,76,3.19,75,3.14,75,3.02,75,3.24,75,3.36,74,3.19,74,2.83,73,3.19,0.01
F,218,Beto,5,5,Everton,19,1.34,22,1.19,23,1.64,25,1.37,24,1.53,24,1.53,26,1.59,25,1.58,26,1.74,26,1.71,24,1.42,25,1.64,0
D,219,Branthwaite,5,5,Everton,90,2.83,86,1.72,86,2.9,83,1.79,83,2.57,81,2.64,81,2.29,78,2.66,79,2.61,80,2.49,80,1.97,80,2.71,0.12
F,220,Calvert-Lewin,6,6,Everton,68,4.18,63,3.01,62,3.96,59,2.9,57,3.37,57,3.27,55,3.08,56,3.28,54,3.33,55,3.26,55,2.86,57,3.44,0.01
D,221,Coleman,4.5,4.5,Everton,35,1.3,34,0.94,37,1.47,38,1.05,35,1.29,35,1.29,38,1.27,38,1.47,37,1.42,38,1.41,39,1.2,38,1.52,0
M,222,Gana,5,5,Everton,75,2.28,75,1.97,74,2.3,72,1.95,71,2.11,71,2.12,70,2.02,70,2.1,70,2.12,69,2.04,70,1.94,69,2.09,0
M,223,Garner,5,5,Everton,82,2.84,78,2.24,77,2.73,76,2.26,74,2.55,75,2.54,75,2.44,74,2.61,74,2.64,73,2.5,71,2.24,72,2.54,0
M,224,Harrison,5.5,5.5,Everton,68,3.2,67,2.57,67,3.26,65,2.55,64,2.9,64,2.83,65,2.86,65,2.89,65,3.12,64,2.93,63,2.61,65,3.06,0
D,225,Holgate,4,4,Everton,3,0.13,6,0.17,10,0.37,12,0.36,13,0.47,14,0.5,13,0.45,16,0.59,15,0.54,16,0.59,16,0.5,16,0.63,0.01
M,226,Iroegbunam,4.5,4.5,Everton,25,1.04,28,1,31,1.22,31,1.09,33,1.25,33,1.25,35,1.27,34,1.29,35,1.31,37,1.33,34,1.2,37,1.38,0
G,227,J.Virginia,4,4,Everton,1,0.05,2,0.08,3,0.11,2,0.08,3,0.12,3,0.11,3,0.12,3,0.13,4,0.14,4,0.17,5,0.17,5,0.19,0.01
D,228,Keane,4,4,Everton,8,0.25,14,0.34,14,0.5,18,0.47,19,0.66,21,0.75,21,0.69,23,0.87,24,0.92,22,0.8,22,0.67,22,0.85,0.01
F,229,Maupay,5,5,Everton,15,0.92,18,0.92,21,1.34,23,1.19,25,1.42,24,1.33,27,1.49,25,1.44,26,1.58,28,1.6,28,1.45,27,1.58,0.01
M,230,McNeil,5.5,5.5,Everton,87,3.97,85,3.06,81,3.89,82,3.08,77,3.45,77,3.45,76,3.27,78,3.46,76,3.62,78,3.52,78,3.13,78,3.61,0.01
D,231,Mykolenko,4.5,4.5,Everton,89,2.98,86,1.87,82,2.92,81,1.9,79,2.64,80,2.78,79,2.41,79,2.85,79,2.83,78,2.65,78,2.13,76,2.78,0.1
F,232,Ndiaye,5.5,5.5,Everton,38,2.03,41,1.85,40,2.17,43,1.92,46,2.34,45,2.2,44,2.16,46,2.29,45,2.33,44,2.23,45,2.11,45,2.37,0
M,233,Onana,5,5,Aston Villa,65,2.18,64,1.95,64,2.3,58,2.2,52,1.99,48,1.8,49,1.71,47,1.67,48,1.88,48,1.57,48,1.49,48,1.77,0.01
D,234,Patterson,4.5,4.5,Everton,12,0.44,14,0.39,17,0.63,17,0.49,21,0.74,21,0.78,20,0.67,19,0.72,22,0.82,20,0.72,20,0.61,20,0.78,0
G,235,Pickford,5,5,Everton,94,3.41,92,3.06,92,3.44,92,3.17,92,3.44,92,3.36,92,3.25,92,3.53,91,3.37,90,3.34,90,3.15,90,3.42,0.18
D,236,Tarkowski,5,5,Everton,91,3.01,90,1.81,87,3.06,87,1.93,85,2.67,85,2.84,85,2.46,85,2.95,83,2.79,84,2.71,83,2.1,85,2.97,0.02
F,237,Y. Chermiti,5,5,Everton,5,0.39,7,0.45,9,0.62,10,0.57,12,0.7,12,0.71,11,0.65,11,0.68,11,0.75,11,0.67,13,0.76,12,0.74,0
D,238,Young,4.5,4.5,Everton,56,2.07,57,1.4,55,2.16,54,1.45,57,2.06,56,2.08,54,1.81,53,2.04,54,2.07,55,2.01,54,1.64,53,2.1,0
M,239,Adama,5,5,Fulham,24,1.2,27,1.72,30,1.67,28,1.63,30,1.6,30,1.58,30,1.22,31,1.66,31,1.6,30,1.73,32,1.58,30,1.68,0
M,240,Andreas,5.5,5.5,Fulham,71,3.18,70,4.61,67,3.8,68,4.02,70,3.68,67,3.63,68,2.52,67,3.7,64,3.23,68,4.01,67,3.17,68,4,0.04
D,241,Bassey,4.5,4.5,Fulham,90,1.59,88,3.11,85,2.67,83,2.49,82,2.17,81,2.39,80,0.63,80,2.13,80,2.17,80,2.59,79,1.83,80,2.64,0
G,242,Benda,4,4,Fulham,1,0.05,3,0.1,2,0.08,3,0.13,4,0.14,3,0.11,4,0.12,4,0.14,4,0.14,4,0.16,4,0.13,4,0.15,0
M,243,Cairney,5,5,Fulham,42,1.57,45,2.15,45,1.92,46,2.03,47,1.88,45,1.86,47,1.53,46,1.89,47,1.85,48,2.07,49,1.81,49,2.12,0
D,244,Castagne,4.5,4.5,Fulham,79,1.67,76,3.16,73,2.62,74,2.61,71,2.16,72,2.44,69,0.74,70,2.16,67,2.09,68,2.55,68,1.85,69,2.65,0.03
D,245,Diop,4.5,4.5,Fulham,90,1.56,88,3.07,88,2.71,85,2.49,84,2.17,84,2.42,82,0.62,82,2.1,83,2.21,82,2.6,82,1.82,82,2.69,0
M,246,Harris,4.5,4.5,Fulham,3,0.23,6,0.43,6,0.43,7,0.46,6,0.41,7,0.45,7,0.36,7,0.47,8,0.47,8,0.51,8,0.46,8,0.52,0
M,247,Iwobi,5.5,5.5,Fulham,80,2.98,76,4.07,75,3.46,73,3.51,72,3.14,71,3.14,71,2.31,71,3.2,71,2.96,72,3.44,72,2.87,71,3.36,0.01
G,248,Leno,5,5,Fulham,93,3.14,92,3.56,93,3.41,92,3.28,91,3.21,92,3.34,91,2.99,91,3.12,91,3.28,91,3.35,91,3.16,91,3.46,0.03
M,249,Lukić,5,5,Fulham,79,2.35,77,3.03,75,2.64,73,2.59,73,2.45,73,2.46,71,1.93,72,2.44,72,2.33,72,2.6,71,2.21,70,2.53,0
D,250,Mbabu,4,4,Fulham,11,0.25,16,0.62,21,0.78,21,0.72,23,0.73,24,0.82,25,0.35,27,0.87,29,0.91,29,1.06,27,0.79,26,0.98,0.01
F,251,Muniz,6,6,Fulham,72,3.36,66,4.64,65,3.86,64,3.92,62,3.43,61,3.47,60,2.41,60,3.44,59,3.11,59,3.71,62,3.11,61,3.69,0.05
F,252,Raúl,5.5,5.5,Fulham,24,1.37,29,2.21,28,1.84,29,1.99,29,1.78,30,1.83,31,1.41,30,1.88,31,1.76,31,2.03,28,1.58,30,1.94,0
D,253,Ream,4.5,4.5,Fulham,10,0.19,14,0.48,17,0.54,20,0.63,24,0.7,24,0.77,27,0.34,27,0.78,26,0.79,27,0.93,28,0.73,28,0.99,0
M,254,Reed,5,5,Fulham,69,1.97,66,2.32,66,2.12,66,2.13,65,2,65,2.06,66,1.69,65,2,65,1.95,65,2.12,64,1.87,63,2.07,0
D,255,Robinson,4.5,4.5,Fulham,89,1.67,85,3.31,82,2.78,81,2.63,80,2.27,80,2.52,79,0.69,77,2.25,77,2.25,75,2.65,78,1.93,78,2.83,0.05
F,256,Stansfield,5,5,Fulham,0,0,0,0,0,0,0,0,0,0,1,0.09,1,0.08,1,0.09,1,0.1,2,0.12,1,0.09,1,0.1,0
D,257,Tete,4.5,4.5,Fulham,13,0.39,18,0.78,21,0.84,23,0.86,23,0.82,24,0.89,26,0.44,26,0.89,26,0.91,28,1.1,26,0.8,27,1.11,0
F,258,Vinicius,5,5,Fulham,5,0.33,5,0.43,7,0.53,7,0.54,9,0.59,9,0.62,10,0.5,10,0.68,11,0.68,10,0.72,10,0.63,10,0.7,0.01
M,259,Wilson,5.5,5.5,Fulham,46,2.14,46,2.96,48,2.7,48,2.8,47,2.5,49,2.67,48,1.85,47,2.63,49,2.47,46,2.77,44,2.15,47,2.73,0
F,260,Al-Hamadi,5,5,Ipswich,7,0.46,7,0.42,8,0.6,10,0.61,9,0.64,9,0.61,11,0.63,11,0.74,11,0.64,9,0.68,11,0.6,11,0.64,0.01
D,261,Baggott,4,4,Ipswich,0,0,0,0,0,0,0,0,0,0,0,0,0,0,0,0,0,0,0,0,0,0,0,0,0.01
M,262,Broadhead,5,5,Ipswich,59,2.45,57,2,57,2.95,55,2.41,54,2.61,54,2.58,56,2.43,55,2.72,56,2.47,57,3.1,56,2.18,55,2.45,0
D,263,Burgess,4,4,Ipswich,46,0.82,49,0.28,50,1.39,50,0.97,54,1.39,55,1.3,53,1.06,55,1.71,50,1.15,53,1.75,52,0.8,53,1.18,0
M,264,Burns,5,5,Ipswich,56,2.18,57,1.85,57,2.68,56,2.19,56,2.44,55,2.36,53,2.08,52,2.35,53,2.16,55,2.75,53,1.93,56,2.28,0
M,265,Chaplin,5.5,5.5,Ipswich,65,2.89,65,2.31,63,3.52,66,3.01,65,3.33,64,3.19,64,2.91,64,3.35,61,2.9,61,3.62,64,2.6,63,2.96,0.01
D,266,Clarke,4,4,Ipswich,3,0.09,6,0.09,7,0.23,7,0.2,7,0.24,9,0.27,10,0.29,10,0.36,10,0.3,9,0.33,10,0.24,10,0.3,0
D,267,Davis,4.5,4.5,Ipswich,87,1.85,83,0.65,79,2.74,77,1.9,80,2.56,79,2.32,77,1.92,77,2.91,78,2.1,77,3.14,77,1.48,78,2.09,0.04
F,268,Delap,5.5,5.5,Ipswich,44,1.92,51,1.78,58,2.77,56,2.35,56,2.63,56,2.48,56,2.33,53,2.5,56,2.38,53,2.7,55,2.11,53,2.29,0.01
D,269,Edmundson,4,4,Ipswich,10,0.2,12,0.12,14,0.42,15,0.35,14,0.41,15,0.39,15,0.35,18,0.6,18,0.46,18,0.6,19,0.36,17,0.42,0
D,270,Greaves,4,4,Ipswich,66,1.11,64,0.31,65,1.77,64,1.24,65,1.7,64,1.48,63,1.27,61,1.9,63,1.38,62,2.03,62,0.93,64,1.38,0.01
M,271,Harness,5,5,Ipswich,8,0.44,9,0.42,10,0.59,12,0.57,13,0.7,13,0.65,14,0.68,13,0.7,16,0.78,13,0.73,14,0.66,15,0.77,0
F,272,Hirst,5.5,5.5,Ipswich,55,2.56,49,1.89,43,2.43,44,2.18,44,2.37,43,2.23,44,2.11,46,2.45,44,2.14,47,2.78,44,1.91,43,2.15,0
M,273,Humphreys,4.5,4.5,Ipswich,2,0.11,4,0.18,5,0.25,7,0.31,7,0.3,9,0.36,8,0.34,9,0.39,9,0.37,9,0.4,9,0.35,9,0.38,0
M,274,Hutchinson,5.5,5.5,Ipswich,77,2.81,73,2.21,71,3.15,68,2.58,70,2.94,70,2.85,68,2.56,69,2.94,68,2.62,70,3.23,68,2.36,69,2.64,0.01
D,275,Johnson,4,4,Ipswich,72,1.4,70,0.5,69,2.09,69,1.48,67,1.9,66,1.69,65,1.44,63,2.11,63,1.54,63,2.22,64,1.09,64,1.52,0.02
F,276,Ladapo,4.5,4.5,Ipswich,6,0.4,8,0.41,8,0.53,9,0.55,10,0.64,10,0.6,10,0.58,11,0.67,11,0.59,11,0.75,11,0.59,11,0.6,0.03
M,277,Luongo,4.5,4.5,Ipswich,78,2.09,76,1.81,74,2.25,72,1.98,70,2.08,71,2.06,71,1.95,70,2.11,71,1.94,70,2.25,71,1.81,68,1.9,0.01
M,278,Morsy,5,5,Ipswich,90,2.14,87,1.81,85,2.27,85,2.05,84,2.17,83,2.13,84,1.99,81,2.17,79,1.96,79,2.22,80,1.81,79,1.95,0
D,279,Ndaba,4,4,Ipswich,0,0,0,0,0,0,0,0,1,0.04,1,0.04,1,0.04,2,0.06,1,0.04,2,0.07,2,0.04,1,0.04,0
G,280,Slicker,4,4,Ipswich,0,0,0,0,0,0,0,0,0,0,0,0,0,0,0,0,0,0,0,0,0,0,0,0,0.01
M,281,Taylor,5,5,Ipswich,24,0.96,27,0.95,29,1.24,30,1.15,32,1.27,31,1.23,31,1.18,34,1.35,34,1.28,34,1.44,33,1.16,35,1.32,0
D,282,Tuanzebe,4,4,Ipswich,29,0.62,29,0.3,29,0.88,30,0.71,30,0.89,32,0.84,30,0.7,32,1.06,32,0.81,33,1.11,31,0.58,31,0.77,0.01
G,283,Walton,4.5,4.5,Ipswich,1,0.05,3,0.1,4,0.13,5,0.15,4,0.15,5,0.16,6,0.19,6,0.22,6,0.21,6,0.23,6,0.2,6,0.2,0
D,284,Woolfenden,4,4,Ipswich,64,1.01,63,0.27,61,1.56,61,1.08,57,1.36,54,1.18,57,1.05,55,1.58,58,1.19,56,1.66,56,0.77,55,1.1,0.01
M,285,B.Soumaré,4.5,4.5,Leicester,50,1.33,50,1.3,51,1.35,51,1.29,53,1.47,53,1.24,53,1.46,51,1.39,53,1.51,53,1.42,52,1.25,53,1.34,0
F,286,Cannon,4.5,4.5,Leicester,7,0.43,8,0.53,10,0.61,10,0.6,10,0.69,12,0.57,13,0.81,14,0.87,13,0.9,12,0.73,14,0.7,15,0.84,0.01
M,287,Choudhury,4.5,4.5,Leicester,32,0.94,39,1.09,43,1.2,42,1.15,44,1.27,45,1.13,46,1.31,46,1.29,47,1.36,46,1.3,46,1.17,46,1.2,0
D,288,Coady,4,4,Leicester,8,0.19,10,0.23,14,0.36,16,0.38,19,0.61,17,0.24,20,0.61,23,0.68,20,0.7,23,0.73,21,0.41,21,0.52,0.02
F,289,Daka,5,5,Leicester,44,2.4,45,2.37,46,2.54,44,2.13,44,2.57,45,1.86,46,2.8,44,2.48,46,2.92,46,2.58,44,2.04,43,2.23,0.02
M,290,De Cordova-Reid,5.5,5.5,Leicester,42,1.95,41,1.93,42,2.03,44,1.95,43,2.23,44,1.63,42,2.29,45,2.25,43,2.32,42,2.15,44,1.82,42,1.96,0
D,291,Faes,4,4,Leicester,89,1.96,85,1.77,83,1.99,82,1.7,81,2.64,81,0.69,79,2.32,78,2.12,79,2.75,79,2.38,78,1.2,78,1.58,0.09
M,292,Golding,4.5,4.5,Leicester,0,0,0,0,0,0,0,0,0,0,0,0,0,0,0,0,0,0,0,0,1,0.06,0,0,0
G,293,Hermansen,4.5,4.5,Leicester,93,3.15,92,3.08,92,3.11,90,3.04,89,3.29,88,2.85,89,3.19,89,3.16,90,3.38,90,3.27,88,2.89,90,2.99,0.01
G,294,Iversen,4,4,Leicester,1,0.04,3,0.09,3,0.09,4,0.15,5,0.17,6,0.18,5,0.18,5,0.17,4,0.16,4,0.15,6,0.19,4,0.13,0.01
D,295,Justin,4.5,4.5,Leicester,39,1.05,39,0.98,40,1.11,41,0.99,42,1.45,41,0.51,41,1.34,41,1.25,39,1.53,40,1.34,41,0.78,39,0.96,0.01
D,296,Kristiansen,4.5,4.5,Leicester,35,0.92,36,0.91,37,1.03,37,0.91,35,1.23,37,0.5,37,1.18,37,1.13,36,1.35,38,1.21,38,0.71,37,0.91,0
M,297,Marcal,4.5,4.5,Leicester,7,0.42,9,0.5,10,0.55,11,0.55,12,0.66,12,0.52,13,0.68,13,0.67,12,0.69,11,0.6,13,0.61,12,0.6,0
M,298,Mavididi,5.5,5.5,Leicester,79,3.77,75,3.6,72,3.67,72,3.17,71,3.88,71,2.56,70,3.97,68,3.63,69,4.12,72,3.79,69,2.88,71,3.4,0.02
M,299,McAteer,5,5,Leicester,21,1.12,24,1.27,24,1.31,26,1.32,26,1.5,27,1.16,28,1.63,29,1.68,27,1.62,28,1.54,27,1.26,29,1.45,0
M,300,Ndidi,5,5,Leicester,73,2.29,69,2.16,68,2.23,67,2.06,69,2.35,66,1.79,65,2.31,66,2.24,67,2.4,64,2.15,65,1.89,65,2.03,0
D,301,Okoli,4,4,Leicester,55,1.16,54,1.06,51,1.17,51,1.04,53,1.58,54,0.44,54,1.45,53,1.35,54,1.73,53,1.49,53,0.77,54,1.05,0
D,302,Ricardo,4.5,4.5,Leicester,80,1.96,75,1.78,74,1.98,73,1.68,69,2.42,69,0.72,69,2.24,66,2.01,68,2.57,66,2.16,67,1.18,68,1.61,0.01
D,303,Souttar,4,4,Leicester,0,0,0,0,0,0,0,0,1,0.03,0,0,2,0.04,2,0.04,2,0.05,2,0.06,2,0.04,2,0.05,0
G,304,Stolarczyk,4,4,Leicester,0,0,0,0,0,0,0,0,1,0.04,0,0,0,0,1,0.04,0,0,1,0.04,1,0.04,1,0.04,0
D,305,Thomas,4,4,Leicester,17,0.48,18,0.5,20,0.61,20,0.56,21,0.73,21,0.37,21,0.73,23,0.74,24,0.91,22,0.75,24,0.56,24,0.64,0.01
F,306,Vardy,5.5,5.5,Leicester,58,3.16,58,3,56,3.21,56,2.69,55,3.28,54,2.17,54,3.34,54,3.11,52,3.34,54,3.05,54,2.53,54,2.85,0.07
D,307,Vestergaard,4,4,Leicester,53,1.18,59,1.21,57,1.35,56,1.14,54,1.68,55,0.5,55,1.57,56,1.48,56,1.86,54,1.56,54,0.83,53,1.07,0.02
G,308,Ward,4,4,Leicester,0,0,0,0,0,0,0,0,0,0,0,0,0,0,0,0,0,0,0,0,0,0,0,0,0.03
M,309,Winks,4.5,4.5,Leicester,91,2.4,87,2.27,84,2.3,83,2.13,80,2.33,80,1.85,80,2.35,79,2.25,78,2.36,80,2.26,80,1.96,79,2.1,0.11
G,310,A.Becker,5.5,5.5,Liverpool,93,3.94,93,3.92,93,3.4,92,4.05,91,3.79,91,3.73,91,3.56,90,3.44,90,3.17,91,3.75,91,3.62,91,3.73,0.11
D,311,Alexander-Arnold,7,7,Liverpool,85,4.88,78,4.69,72,2.86,71,4.64,70,4.2,69,3.54,69,3.16,69,3.32,72,2.13,69,3.93,68,3.6,68,3.9,0.2
M,312,Bajcetic,4.5,4.5,Liverpool,3,0.15,3,0.17,5,0.25,4,0.23,6,0.28,7,0.31,7,0.31,7,0.3,7,0.29,7,0.35,7,0.33,8,0.37,0
D,313,Bradley,5,5,Liverpool,13,0.59,19,1,21,0.9,21,1.23,23,1.28,24,1.18,23,1.05,24,1.1,22,0.77,25,1.32,25,1.23,24,1.26,0.01
M,314,Carvalho,5,5,Liverpool,3,0.26,5,0.39,8,0.47,9,0.69,10,0.72,11,0.71,11,0.69,10,0.69,11,0.6,11,0.76,12,0.83,12,0.89,0
M,315,Clark,4.5,4.5,Liverpool,0,0,0,0,0,0,0,0,0,0,0,0,0,0,0,0,0,0,0,0,0,0,0,0,0
F,316,Darwin,7.5,7.5,Liverpool,51,3.48,49,3.45,50,2.72,50,3.82,49,3.68,50,3.07,48,2.75,51,3.16,50,2.33,48,3.44,48,3.17,49,3.47,0.08
M,317,Diogo J.,7.5,7.5,Liverpool,46,3.31,49,3.59,47,2.67,48,3.8,47,3.66,47,2.99,49,2.92,46,3.03,48,2.28,47,3.41,49,3.41,45,3.29,0.03
M,318,Doak,4.5,4.5,Liverpool,0,0,0,0,0,0,0,0,0,0,0,0,0,0,0,0,0,0,0,0,0,0,0,0,0
M,319,Elliott,5.5,5.5,Liverpool,28,1.6,28,1.65,29,1.4,31,1.84,30,1.82,32,1.65,33,1.65,33,1.71,31,1.33,33,1.85,33,1.77,33,1.84,0.01
M,320,Endo,5,5,Liverpool,63,2.36,60,2.26,61,1.92,59,2.33,57,2.2,58,2,57,1.89,56,1.94,55,1.63,55,2.04,55,1.97,57,2.08,0
F,321,Gakpo,7.5,7.5,Liverpool,48,3.05,49,3.22,51,2.71,50,3.58,50,3.48,51,2.92,50,2.74,50,2.88,48,2.17,49,3.22,50,3.13,53,3.37,0.08
D,322,Gomez,5,5,Liverpool,28,1.18,32,1.35,36,1.09,38,1.77,36,1.51,39,1.48,40,1.4,41,1.44,38,0.9,38,1.56,40,1.52,39,1.57,0.01
M,323,Gravenberch,5,5,Liverpool,16,0.82,18,0.93,20,0.91,22,1.17,24,1.23,24,1.12,24,1.09,24,1.13,25,0.99,26,1.23,25,1.18,25,1.23,0
M,324,Jones,5.5,5.5,Liverpool,27,1.37,29,1.51,29,1.3,32,1.74,32,1.71,32,1.51,31,1.43,31,1.5,33,1.3,33,1.69,32,1.54,32,1.6,0
G,325,Kelleher,4.5,4.5,Liverpool,2,0.07,2,0.08,2,0.08,3,0.14,4,0.15,4,0.17,4,0.16,5,0.17,5,0.16,4,0.17,4,0.15,4,0.15,0
D,326,Konaté,5,5,Liverpool,63,2.6,62,2.6,60,1.72,57,2.62,57,2.33,54,2.02,56,1.9,54,1.84,56,1.24,58,2.28,56,2.03,56,2.21,0.02
M,327,Luis Díaz,7.5,7.5,Liverpool,68,4.33,66,4.4,68,3.5,66,4.7,66,4.58,62,3.6,63,3.42,62,3.64,62,2.73,62,4.19,60,3.81,60,3.92,0.07
M,328,M.Salah,12.5,12.5,Liverpool,84,6.47,76,6.43,68,4.22,66,5.98,65,5.71,65,4.47,65,4.33,66,4.75,67,3.42,69,5.88,67,5.25,66,5.43,0.33
M,329,Mac Allister,6.5,6.5,Liverpool,88,3.9,87,4.06,85,3.13,84,4.35,83,4.22,83,3.5,82,3.29,82,3.54,83,2.67,80,3.73,81,3.69,81,3.72,0.03
M,330,McConnell,4.5,4.5,Liverpool,0,0,0,0,0,0,0,0,0,0,0,0,0,0,0,0,0,0,0,0,0,0,0,0,0
M,331,Morton,4.5,4.5,Liverpool,0,0,0,0,0,0,0,0,1,0.07,0,0,1,0.07,2,0.09,2,0.09,2,0.12,2,0.09,2,0.09,0
D,332,N.Phillips,4,4,Liverpool,0,0,0,0,0,0,0,0,0,0,0,0,0,0,0,0,0,0,0,0,0,0,0,0,0
D,333,Quansah,4.5,4.5,Liverpool,20,0.82,24,1.01,25,0.76,28,1.32,31,1.31,32,1.28,30,1.05,32,1.15,30,0.73,30,1.26,31,1.19,32,1.3,0.01
D,334,R.Williams,4,4,Liverpool,0,0,0,0,0,0,0,0,0,0,0,0,0,0,0,0,0,0,0,0,0,0,0,0,0
D,335,Robertson,6,6,Liverpool,82,4.34,80,4.38,77,2.79,74,4.51,74,4.12,73,3.5,73,3.16,71,3.15,71,1.97,70,3.66,68,3.31,69,3.62,0.07
M,336,Szoboszlai,6.5,6.5,Liverpool,40,2.43,45,2.83,44,2.17,45,2.97,45,2.96,43,2.32,44,2.29,45,2.48,42,1.85,43,2.64,43,2.53,42,2.61,0.02
D,337,Tsimikas,5,5,Liverpool,4,0.24,5,0.28,7,0.3,8,0.45,10,0.51,9,0.44,10,0.46,9,0.44,10,0.35,11,0.6,12,0.56,12,0.61,0
D,338,Van den Berg,4,4,Liverpool,0,0,0,0,0,0,1,0.07,2,0.09,4,0.14,3,0.1,3,0.09,4,0.09,2,0.1,4,0.15,3,0.12,0
D,339,Virgil,6,6,Liverpool,90,3.98,87,3.94,85,2.5,84,4.17,82,3.66,80,3.21,81,2.88,80,2.87,81,1.82,81,3.42,81,3.14,81,3.42,0.11
D,340,Akanji,5.5,5.5,Man City,55,1.93,53,2.91,54,2.21,55,2.71,57,2.02,53,2.02,58,2.82,57,2.51,56,3,55,2.35,55,2.25,56,2.36,0.04
D,341,Aké,5.5,5.5,Man City,52,1.97,56,3.26,54,2.39,52,2.85,53,2.09,52,2.14,53,2.79,53,2.54,55,3.2,51,2.34,52,2.35,53,2.47,0.03
M,342,Bernardo,6.5,6.5,Man City,77,3.45,76,4.96,73,3.73,73,4.37,74,3.29,72,3.38,74,4.52,73,3.81,73,4.85,72,3.86,72,3.67,73,3.83,0.03
M,343,Bobb,5,5,Man City,1,0.1,2,0.19,2,0.18,2,0.24,2,0.2,3,0.24,3,0.34,3,0.27,3,0.37,3,0.29,4,0.31,4,0.33,0
G,344,Carson,4,4,Man City,0,0,0,0,0,0,0,0,0,0,1,0.04,1,0.06,1,0.05,0,0,2,0.06,0,0,1,0.04,0
M,345,De Bruyne,9.5,9.5,Man City,75,4.18,69,5.63,67,4.27,66,4.74,67,3.81,66,3.73,64,4.8,63,3.96,61,5.06,63,4.09,62,3.93,63,4.13,0.07
M,346,Doku,6.5,6.5,Man City,51,2.75,50,3.87,49,2.99,48,3.37,47,2.54,47,2.61,49,3.58,47,2.93,47,3.74,48,3.04,47,2.85,48,2.98,0.03
G,347,Ederson M.,5.5,5.5,Man City,85,3.19,72,3.42,63,2.55,66,2.95,67,2.57,65,2.52,64,2.79,63,2.66,63,2.92,63,2.56,63,2.56,64,2.62,0.06
M,348,Foden,9.5,9.5,Man City,78,4.71,77,7.16,73,5.03,73,5.97,72,4.3,70,4.47,69,5.9,71,4.91,69,6.6,71,5.15,71,4.95,71,5.11,0.33
M,349,Grealish,6.5,6.5,Man City,37,2.05,36,2.85,38,2.32,36,2.5,37,1.98,37,2.08,36,2.63,39,2.4,38,3.06,39,2.49,39,2.37,40,2.48,0.01
D,350,Gvardiol,6,6,Man City,74,2.78,69,4.19,71,3.22,70,3.86,68,2.61,68,2.75,68,3.65,67,3.23,67,4.03,69,3.26,67,2.98,66,3.07,0.32
F,351,Haaland,15,15,Man City,87,6.14,79,8.92,78,6.38,75,7.57,76,5.23,76,5.58,75,7.81,75,5.99,72,8.4,74,6.33,74,6.08,73,6.31,0.33
F,352,J.Alvarez,7,7,Man City,21,1.39,34,3.14,46,3.23,48,3.82,48,2.9,49,3.1,49,4.04,46,3.23,49,4.56,47,3.45,48,3.3,47,3.33,0.03
D,353,João Cancelo,5.5,5.5,Man City,0,0,0,0,0,0,0,0,0,0,0,0,0,0,0,0,0,0,0,0,0,0,1,0.06,0.01
M,354,Kovačić,5.5,5.5,Man City,39,1.54,37,1.89,38,1.6,41,1.92,37,1.43,41,1.61,38,1.78,39,1.61,39,1.96,37,1.58,38,1.59,37,1.56,0
D,355,Lewis,4.5,4.5,Man City,4,0.17,6,0.3,8,0.34,8,0.41,9,0.37,11,0.44,9,0.47,12,0.56,11,0.62,11,0.52,12,0.51,13,0.57,0
M,356,Matheus N.,5,5,Man City,17,0.84,21,1.32,20,1.11,21,1.24,22,1.06,22,1.09,24,1.4,24,1.26,27,1.67,25,1.36,25,1.3,26,1.38,0
M,357,McAtee,5,5,Man City,0,0,2,0.21,2,0.2,2,0.26,3,0.23,3,0.26,3,0.34,3,0.29,4,0.42,4,0.34,4,0.35,3,0.31,0
G,358,Ortega Moreno,5.5,5.5,Man City,10,0.38,23,1.08,31,1.27,28,1.25,28,1.07,29,1.13,29,1.27,31,1.3,30,1.41,31,1.25,31,1.24,30,1.25,0.02
M,359,Phillips,5,5,Man City,0,0,1,0.09,0,0,1,0.11,1,0.1,2,0.13,2,0.16,3,0.18,2,0.18,2,0.15,2,0.14,2,0.15,0
M,360,Rodrigo,6.5,6.5,Man City,84,2.92,83,4.13,81,3.17,80,3.67,80,2.76,79,2.91,80,3.66,79,3.2,79,3.99,79,3.23,78,3.07,77,3.17,0.07
D,361,Rúben,5.5,5.5,Man City,68,2.32,70,3.91,67,2.75,66,3.3,66,2.34,67,2.55,66,3.21,67,3,64,3.47,65,2.81,66,2.71,64,2.77,0.03
D,362,Stones,5.5,5.5,Man City,46,1.68,48,2.73,49,2.13,50,2.57,51,1.92,50,2.01,48,2.45,49,2.28,51,2.83,51,2.29,50,2.17,50,2.24,0.03
D,363,Walker,5.5,5.5,Man City,69,2.41,66,3.71,63,2.63,62,3.15,61,2.25,61,2.29,59,2.93,57,2.58,59,3.25,58,2.49,59,2.41,59,2.55,0.09
M,364,Amad,5,5,Man Utd,21,1.4,22,1.26,25,1.38,25,1.57,26,1.42,25,1.44,27,1.38,26,1.65,26,1.46,26,1.48,27,1.85,28,1.69,0.01
M,365,Antony,6,6,Man Utd,16,1,18,1.03,19,1.04,18,1.13,20,1.1,21,1.22,22,1.2,21,1.32,21,1.2,22,1.25,22,1.52,23,1.37,0
M,366,B.Fernandes,8.5,8.5,Man Utd,91,6.58,87,4.99,87,4.89,86,5.7,85,4.64,84,5.17,85,4.54,84,5.96,83,4.88,83,4.97,82,6.58,82,5.39,0.14
G,367,Bayindir,4.5,4.5,Man Utd,1,0.06,2,0.08,2,0.08,3,0.13,3,0.13,4,0.16,4,0.15,5,0.22,5,0.18,5,0.19,5,0.22,4,0.17,0
M,368,Casemiro,5,5,Man Utd,82,3.1,80,2.64,76,2.44,76,2.77,74,2.41,74,2.53,74,2.35,74,2.8,72,2.4,73,2.43,70,2.85,72,2.61,0
D,369,Dalot,5,5,Man Utd,63,2.75,62,2.05,58,1.79,60,2.46,61,2.06,57,2.02,60,1.79,59,2.62,57,1.9,56,1.95,56,2.78,56,2.41,0.07
M,370,Eriksen,5.5,5.5,Man Utd,3,0.26,5,0.34,7,0.42,8,0.51,9,0.49,10,0.58,9,0.52,12,0.68,10,0.56,11,0.58,12,0.72,11,0.62,0
D,371,Evans,4.5,4.5,Man Utd,1,0.05,4,0.12,4,0.13,6,0.23,6,0.19,7,0.23,8,0.23,9,0.33,9,0.3,10,0.34,10,0.38,8,0.32,0
M,372,Garnacho,6.5,6.5,Man Utd,80,4.73,77,3.83,76,3.63,75,4.29,74,3.5,74,3.79,73,3.45,72,4.21,71,3.58,72,3.67,71,4.64,69,3.87,0.12
M,373,Hannibal,4.5,4.5,Man Utd,0,0,0,0,0,0,0,0,1,0.08,0,0,1,0.11,3,0.19,3,0.19,3,0.19,2,0.18,2,0.15,0
G,374,Heaton,4,4,Man Utd,0,0,0,0,0,0,0,0,0,0,0,0,0,0,0,0,0,0,0,0,0,0,0,0,0
F,375,Højlund,7,7,Man Utd,48,3.14,47,2.61,46,2.5,47,2.85,45,2.38,46,2.58,46,2.4,47,2.94,46,2.56,47,2.65,46,3.25,45,2.74,0.06
D,376,Lindelof,4.5,4.5,Man Utd,26,1.01,30,1.01,32,0.98,34,1.32,34,1.12,37,1.26,36,1.06,37,1.53,39,1.25,37,1.23,39,1.69,38,1.54,0
D,377,Maguire,5,5,Man Utd,76,3.02,74,2.29,73,2.03,68,2.58,70,2.2,68,2.24,68,1.89,65,2.65,65,2,64,2.01,64,2.85,65,2.57,0.01
M,378,Mainoo,5.5,5.5,Man Utd,78,2.67,75,2.32,72,2.18,70,2.4,70,2.18,68,2.21,68,2.08,66,2.31,69,2.15,69,2.17,70,2.55,68,2.31,0.08
D,379,Malacia,4.5,4.5,Man Utd,14,0.6,17,0.61,22,0.73,23,0.96,24,0.87,26,0.97,27,0.89,26,1.17,27,0.97,26,0.96,27,1.28,28,1.2,0
D,380,Martinez,4.5,4.5,Man Utd,85,3.29,79,2.49,78,2.22,76,2.96,75,2.4,73,2.5,74,2.09,72,2.99,72,2.33,73,2.33,72,3.24,72,2.95,0.06
M,381,McTominay,5,5,Man Utd,18,0.92,22,0.97,27,1.15,28,1.32,29,1.23,30,1.29,30,1.21,31,1.47,31,1.3,30,1.25,33,1.7,32,1.5,0.01
M,382,Mount,6.5,6.5,Man Utd,18,1.13,21,1.19,21,1.16,24,1.44,24,1.25,24,1.35,25,1.33,26,1.58,26,1.4,27,1.48,24,1.63,25,1.5,0
G,383,Onana,5,5,Man Utd,94,3.6,93,3.37,93,3.22,92,3.56,92,3.34,91,3.25,91,3.15,90,3.54,90,3.26,90,3.23,90,3.71,91,3.61,0.08
M,384,Pellistri,5,5,Man Utd,0,0,0,0,0,0,0,0,0,0,0,0,1,0.11,0,0,1,0.11,1,0.1,1,0.11,1,0.11,0
M,385,Rashford,7,7,Man Utd,64,4.53,63,3.64,62,3.4,62,4.11,60,3.28,58,3.51,56,3.03,58,4,60,3.48,56,3.35,58,4.47,59,3.92,0.07
M,386,Sancho,6.5,6.5,Man Utd,4,0.31,4,0.28,3,0.23,3,0.26,4,0.28,5,0.34,6,0.33,6,0.4,6,0.34,6,0.35,6,0.41,6,0.39,0.01
D,387,Shaw,5,5,Man Utd,80,3.49,77,2.64,74,2.31,72,3.08,72,2.49,70,2.57,68,2.13,70,3.11,69,2.36,69,2.45,68,3.36,69,3.02,0.06
D,388,Wan-Bissaka,4.5,4.5,Man Utd,35,1.42,36,1.2,38,1.16,39,1.52,37,1.23,41,1.42,39,1.13,39,1.64,41,1.33,42,1.4,41,1.88,43,1.75,0.01
F,389,Zirkzee,7,7,Man Utd,48,3.12,48,2.65,48,2.54,48,3.02,48,2.55,48,2.81,47,2.49,46,2.94,47,2.56,46,2.59,47,3.32,48,2.98,0.03
D,390,A.Murphy,4,4,Newcastle,0,0,0,0,0,0,0,0,0,0,0,0,1,0.04,0,0,1,0.04,0,0,0,0,1,0.04,0.01
M,391,Almirón,6,6,Newcastle,19,1.22,22,1.22,21,1.18,20,1.09,22,1.24,23,1.1,23,1.22,25,1.48,25,1.19,25,1.2,25,1.4,26,1.51,0.01
M,392,Barnes,6.5,6.5,Newcastle,37,2.61,37,2.17,37,2.1,37,2.09,39,2.22,38,1.86,38,2.08,38,2.4,36,1.81,39,1.94,38,2.27,40,2.52,0.01
D,393,Botman,4.5,4.5,Newcastle,0,0,0,0,0,0,0,0,0,0,0,0,0,0,0,0,0,0,0,0,0,0,0,0,0
M,394,Bruno G.,6.5,6.5,Newcastle,91,4.06,87,3.15,84,3.06,81,2.91,80,2.92,80,2.48,80,2.83,79,3.21,80,2.53,78,2.52,79,3,79,3.19,0.03
D,395,Burn,4.5,4.5,Newcastle,80,3.67,79,2.66,76,2.56,75,2.71,73,2.43,74,1.68,75,2.72,72,2.8,73,1.8,72,1.88,71,2.8,71,2.77,0.24
G,396,Dúbravka,4.5,4.5,Newcastle,0,0,0,0,0,0,0,0,0,0,1,0.04,0,0,0,0,0,0,0,0,0,0,0,0,0.01
M,397,Fraser,5,5,Newcastle,0,0,1,0.09,0,0,0,0,1,0.12,1,0.09,2,0.15,2,0.17,1,0.1,2,0.15,2,0.14,2,0.14,0
M,398,Gordon,7.5,7.5,Newcastle,84,5.25,82,4.06,80,4.04,78,3.71,78,3.86,79,3.17,78,3.71,76,4.31,75,3.15,75,3.09,77,4.02,74,4.17,0.37
D,399,Hall,4.5,4.5,Newcastle,18,0.89,21,0.82,23,0.92,25,1.02,27,1.03,25,0.71,24,0.97,26,1.17,25,0.77,26,0.84,25,1.07,27,1.2,0.01
M,400,Hayden,4.5,4.5,Newcastle,6,0.35,9,0.4,6,0.32,8,0.36,8,0.38,9,0.38,7,0.35,8,0.37,8,0.36,8,0.34,8,0.36,9,0.4,0
F,401,Isak,8.5,8.5,Newcastle,82,6.39,78,4.69,77,4.61,74,4.17,73,4.32,73,3.56,73,4.13,72,4.86,74,3.75,74,3.71,73,4.44,73,4.99,0.55
M,402,J.Murphy,5.5,5.5,Newcastle,45,2.71,45,2.25,44,2.23,46,2.26,41,2.09,44,1.87,43,2.11,43,2.37,41,1.83,42,1.86,41,2.16,41,2.26,0
M,403,Joelinton,6,6,Newcastle,58,2.87,58,2.39,44,1.92,42,1.8,45,1.97,44,1.66,45,1.92,45,2.17,46,1.75,46,1.72,45,2.06,46,2.21,0
D,404,Kelly,4.5,4.5,Newcastle,82,3.53,80,2.48,79,2.47,77,2.58,76,2.3,76,1.61,75,2.56,75,2.72,76,1.74,75,1.8,73,2.63,74,2.71,0
D,405,Krafth,4.5,4.5,Newcastle,10,0.35,13,0.38,12,0.35,13,0.41,16,0.47,16,0.37,14,0.45,15,0.54,16,0.4,17,0.43,18,0.65,16,0.55,0
M,406,Kuol,4.5,4.5,Newcastle,0,0,0,0,0,0,0,0,0,0,0,0,0,0,0,0,0,0,0,0,0,0,0,0,0
D,407,Lascelles,4.5,4.5,Newcastle,0,0,0,0,0,0,0,0,0,0,0,0,0,0,0,0,0,0,0,0,0,0,0,0,0
D,408,Lewis,4,4,Newcastle,0,0,0,0,0,0,0,0,2,0.07,1,0.04,1,0.06,1,0.06,2,0.06,2,0.06,1,0.06,2,0.08,0
D,409,Livramento,4.5,4.5,Newcastle,17,0.82,21,0.79,20,0.78,23,0.91,23,0.9,24,0.72,25,0.98,27,1.15,26,0.81,27,0.88,27,1.17,27,1.19,0.01
M,410,Longstaff,5,5,Newcastle,74,3.03,72,2.49,50,1.78,53,1.86,49,1.75,50,1.54,49,1.71,51,1.98,51,1.62,49,1.59,49,1.83,49,1.89,0.01
M,411,Miley,5,5,Newcastle,0,0,0,0,0,0,0,0,0,0,4,0.17,7,0.35,9,0.43,8,0.34,9,0.4,8,0.4,8,0.42,0
G,412,Odysseas,4.5,4.5,Newcastle,1,0.06,2,0.08,2,0.06,3,0.1,3,0.11,5,0.16,4,0.17,3,0.12,4,0.13,3,0.1,3,0.13,3,0.13,0
G,413,Pope,5,5,Newcastle,94,3.86,93,3.4,93,3.38,92,3.5,91,3.3,89,2.94,90,3.39,91,3.44,91,3.09,91,3.09,91,3.48,91,3.48,0.06
G,414,Ruddy,4,4,Newcastle,0,0,0,0,0,0,0,0,0,0,0,0,0,0,0,0,0,0,0,0,0,0,0,0,0
D,415,Schär,5.5,5.5,Newcastle,90,4.06,87,2.8,86,2.79,84,2.93,82,2.66,81,1.77,82,2.89,80,3.08,80,1.93,79,1.98,79,2.97,80,3.07,0.08
D,416,Targett,4,4,Newcastle,0,0,0,0,0,0,1,0.05,1,0.05,2,0.06,2,0.07,2,0.08,2,0.05,2,0.07,3,0.11,2,0.1,0.01
M,417,Tonali,5.5,5.5,Newcastle,0,0,0,0,71,2.62,68,2.5,69,2.49,67,2.12,66,2.38,64,2.64,66,2.15,64,2.1,65,2.51,66,2.69,0
D,418,Trippier,6,6,Newcastle,83,4.75,80,3.28,80,3.29,78,3.32,77,3.07,76,2.09,76,3.28,75,3.67,76,2.25,75,2.36,75,3.46,74,3.6,0.15
M,419,White,4.5,4.5,Newcastle,0,0,0,0,0,0,0,0,0,0,0,0,0,0,0,0,0,0,0,0,0,0,0,0,0
M,420,Willock,5,5,Newcastle,44,2.46,45,2.06,27,1.36,30,1.44,31,1.5,32,1.34,30,1.45,30,1.6,29,1.26,31,1.35,32,1.57,30,1.57,0
F,421,Wilson,7,7,Newcastle,29,2.45,31,2.06,31,2.02,34,2.15,36,2.26,32,1.79,34,2.12,32,2.36,34,1.91,32,1.83,32,2.13,33,2.42,0.01
D,422,Aina,4.5,4.5,Nott'm Forest,85,2.9,82,2.61,80,2.96,79,1.14,79,1.91,78,2.62,77,1.35,76,2.48,77,2.37,77,2.47,76,2.15,76,0.91,0.01
M,423,Anderson,5,5,Nott'm Forest,44,1.82,45,1.8,45,1.79,47,1.52,46,1.69,46,1.91,46,1.56,48,1.81,47,1.84,46,1.85,47,1.76,46,1.44,0
F,424,Awoniyi,6,6,Nott'm Forest,16,1.08,17,1.14,18,1.19,19,0.96,19,1.13,19,1.3,19,1.03,20,1.25,20,1.29,19,1.24,21,1.24,20,0.94,0.01
D,425,Boly,4.5,4.5,Nott'm Forest,83,2.82,81,2.53,76,2.77,75,1.12,74,1.8,72,2.41,71,1.3,71,2.33,70,2.22,71,2.28,70,2.02,71,0.9,0
M,426,Bowler,4.5,4.5,Nott'm Forest,0,0,1,0.09,2,0.14,2,0.13,2,0.17,3,0.22,3,0.2,3,0.24,3,0.26,3,0.25,4,0.26,4,0.23,0
G,427,C.Miguel,4.5,4.5,Nott'm Forest,0,0,0,0,0,0,0,0,0,0,0,0,0,0,0,0,0,0,0,0,0,0,0,0,0.01
M,428,Da Silva Moreira,4.5,4.5,Nott'm Forest,0,0,1,0.09,2,0.13,2,0.14,3,0.18,2,0.18,3,0.2,3,0.23,4,0.27,3,0.22,4,0.27,4,0.23,0
M,429,Danilo,5,5,Nott'm Forest,67,2.32,63,2.1,66,2.22,64,1.79,63,1.95,63,2.18,63,1.81,61,2.05,61,2.02,61,2.09,62,1.95,60,1.64,0
F,430,Dennis,5,5,Nott'm Forest,7,0.48,9,0.55,11,0.68,12,0.6,14,0.72,14,0.87,13,0.63,14,0.82,14,0.8,15,0.89,13,0.73,14,0.65,0
M,431,Dominguez,5,5,Nott'm Forest,28,1.18,32,1.28,34,1.36,35,1.2,35,1.27,35,1.43,35,1.19,36,1.36,37,1.42,35,1.39,36,1.35,38,1.19,0
M,432,Elanga,5.5,5.5,Nott'm Forest,63,3.15,60,2.79,60,2.86,59,2.14,58,2.44,57,2.81,59,2.22,57,2.62,57,2.63,58,2.81,58,2.57,57,1.94,0.03
M,433,Gibbs-White,6.5,6.5,Nott'm Forest,84,4.65,81,4.17,79,4.22,79,2.98,77,3.48,74,4.19,75,3.06,75,3.8,75,3.93,74,3.88,74,3.64,75,2.67,0.07
M,434,Hudson-Odoi,5.5,5.5,Nott'm Forest,78,3.57,74,3.2,73,3.25,70,2.4,71,2.78,69,3.19,70,2.47,69,2.97,68,2.91,68,3.01,68,2.83,66,2.12,0.05
M,435,Mighten,4.5,4.5,Nott'm Forest,0,0,0,0,0,0,0,0,0,0,0,0,0,0,0,0,0,0,0,0,0,0,0,0,0
D,436,Murillo,4.5,4.5,Nott'm Forest,91,2.8,88,2.49,85,2.81,84,1.05,82,1.79,81,2.43,81,1.26,81,2.39,82,2.27,81,2.35,80,2.04,80,0.84,0.01
D,437,N.Williams,4.5,4.5,Nott'm Forest,85,2.89,82,2.54,81,2.86,79,1.11,78,1.85,77,2.5,77,1.34,77,2.47,76,2.35,76,2.42,76,2.1,77,0.9,0
D,438,O.Richards,4.5,4.5,Nott'm Forest,0,0,0,0,0,0,0,0,0,0,0,0,0,0,0,0,0,0,1,0.04,1,0.04,0,0,0
M,439,O'Brien,5,5,Nott'm Forest,3,0.13,4,0.17,6,0.24,6,0.23,7,0.29,9,0.37,8,0.31,9,0.38,10,0.42,10,0.43,9,0.39,9,0.34,0
D,440,Omobamidele,4.5,4.5,Nott'm Forest,33,0.97,36,0.98,40,1.28,39,0.51,40,0.85,39,1.11,41,0.63,42,1.18,39,1.04,42,1.16,41,1,41,0.44,0
D,441,Panzo,4,4,Nott'm Forest,0,0,0,0,0,0,0,0,0,0,0,0,0,0,0,0,0,0,0,0,0,0,0,0,0
M,442,Sangaré,4.5,4.5,Nott'm Forest,24,0.99,26,1.03,26,1.05,29,0.98,28,1.02,32,1.2,32,1.06,29,1.09,29,1.1,31,1.17,32,1.14,30,0.99,0.01
G,443,Sels,4.5,4.5,Nott'm Forest,94,3.33,93,3.29,92,3.38,92,2.95,92,3.08,92,3.24,92,3.02,91,3.22,91,3.24,91,3.16,90,3.05,90,2.88,0.01
D,444,Toffolo,4.5,4.5,Nott'm Forest,18,0.66,23,0.81,26,0.98,28,0.54,27,0.75,28,1.05,30,0.65,30,1.06,30,1.04,30,1.06,31,0.96,29,0.48,0
G,445,Turner,4,4,Nott'm Forest,1,0.05,2,0.08,3,0.11,3,0.1,3,0.11,3,0.1,3,0.1,4,0.14,4,0.13,4,0.14,5,0.16,5,0.17,0.25
F,446,Ui-jo,4.5,4.5,Nott'm Forest,0,0,0,0,0,0,0,0,0,0,0,0,0,0,0,0,0,0,0,0,0,0,0,0,0.02
F,447,Wood,6,6,Nott'm Forest,82,4.32,80,3.99,77,3.9,77,2.92,74,3.29,74,3.86,74,2.99,73,3.5,73,3.6,73,3.82,71,3.41,72,2.53,0.04
D,448,Worrall,4.5,4.5,Nott'm Forest,7,0.18,9,0.24,11,0.35,13,0.22,15,0.36,17,0.52,14,0.28,17,0.5,17,0.5,16,0.47,20,0.55,18,0.28,0
M,449,Yates,5,5,Nott'm Forest,49,1.81,51,1.83,49,1.82,47,1.44,49,1.65,51,1.83,49,1.53,49,1.7,49,1.71,50,1.83,47,1.62,50,1.43,0
M,450,Alcaraz,5,5,Southampton,69,2.59,67,3.36,65,2.65,64,2.72,64,3.35,63,2.67,62,2.08,64,3.3,66,2.08,64,2.99,63,2.52,64,2.54,0
M,451,Amo-Ameyaw,4.5,4.5,Southampton,0,0,0,0,0,0,0,0,0,0,0,0,0,0,0,0,0,0,0,0,0,0,0,0,0
M,452,Aribo,5,5,Southampton,74,2.27,73,2.77,72,2.39,70,2.35,69,2.74,69,2.33,70,1.93,70,2.75,69,1.86,66,2.44,66,2.19,68,2.16,0
F,453,Armstrong,5.5,5.5,Southampton,75,3.4,73,4.41,72,3.53,70,3.54,69,4.34,68,3.56,68,2.62,68,4.42,67,2.49,68,3.83,69,3.35,69,3.29,0.04
G,454,Bazunu,4.5,4.5,Southampton,0,0,0,0,0,0,0,0,0,0,0,0,0,0,0,0,0,0,0,0,0,0,0,0,0.01
D,455,Bednarek,4,4,Southampton,61,0.92,61,1.98,61,1.27,61,1.24,61,2.09,59,1.16,60,0.44,58,1.82,57,0.22,58,1.73,58,1.27,60,0.94,0.02
D,456,Bella-Kotchap,4,4,Southampton,59,1.1,56,2,56,1.39,56,1.34,55,2.13,54,1.27,54,0.56,56,2.01,55,0.36,53,1.76,53,1.4,53,1.04,0.01
D,457,Bree,4,4,Southampton,2,0.05,2,0.1,3,0.1,3,0.09,3,0.14,4,0.13,4,0.1,4,0.18,4,0.09,5,0.21,5,0.18,5,0.15,0
M,458,Charles,4.5,4.5,Southampton,6,0.28,7,0.36,9,0.39,9,0.39,11,0.45,11,0.42,11,0.4,13,0.52,12,0.44,13,0.5,12,0.46,13,0.5,0
M,459,Edozie,5,5,Southampton,25,1.13,28,1.56,28,1.32,30,1.43,29,1.61,32,1.48,30,1.17,30,1.65,32,1.21,32,1.57,32,1.48,32,1.42,0
D,460,Edwards,4,4,Southampton,0,0,0,0,0,0,0,0,0,0,0,0,0,0,0,0,0,0,0,0,0,0,0,0,0
D,461,Harwood-Bellis,4,4,Southampton,75,1.23,74,2.5,71,1.6,69,1.49,68,2.43,69,1.45,71,0.59,67,2.21,68,0.33,70,2.16,68,1.6,69,1.17,0.15
M,462,Kamaldeen,5,5,Southampton,28,1.23,28,1.48,29,1.33,31,1.41,30,1.63,31,1.46,32,1.21,31,1.72,31,1.14,33,1.62,30,1.36,32,1.38,0
M,463,Lallana,5,5,Southampton,45,1.56,45,1.84,46,1.67,47,1.68,46,1.93,46,1.66,48,1.49,46,1.88,46,1.42,47,1.82,46,1.65,47,1.59,0
D,464,Larios,4,4,Southampton,0,0,0,0,0,0,0,0,0,0,0,0,0,0,0,0,0,0,0,0,0,0,0,0,0
G,465,Lis,4,4,Southampton,0,0,0,0,0,0,0,0,0,0,0,0,0,0,0,0,0,0,0,0,0,0,0,0,0
G,466,Lumley,4,4,Southampton,1,0.04,2,0.08,2,0.07,3,0.1,3,0.12,4,0.12,3,0.11,4,0.15,5,0.16,5,0.18,5,0.17,4,0.12,0
D,467,Manning,4.5,4.5,Southampton,20,0.53,23,0.99,25,0.8,24,0.75,26,1.19,24,0.76,26,0.42,28,1.21,25,0.33,28,1.13,27,0.88,27,0.7,0
F,468,Mara,5,5,Southampton,39,1.73,38,2.15,40,1.93,40,1.92,40,2.33,39,1.95,39,1.52,40,2.3,40,1.51,40,2.08,40,1.86,38,1.75,0
G,469,McCarthy,4.5,4.5,Southampton,94,3.03,93,3.42,93,3.13,92,3.02,92,3.42,91,3.02,91,2.97,91,3.27,90,3.01,90,3.2,90,3.1,91,2.94,0
F,470,Onuachu,5,5,Southampton,2,0.16,3,0.25,3,0.25,4,0.3,5,0.42,6,0.39,7,0.39,7,0.54,8,0.41,6,0.45,7,0.43,6,0.39,0
M,471,Smallbone,5,5,Southampton,77,2.46,76,3.08,73,2.53,73,2.57,73,3.1,74,2.58,74,2.09,71,2.95,70,1.95,71,2.74,72,2.43,69,2.29,0
D,472,Stephens,4,4,Southampton,11,0.21,13,0.42,19,0.47,18,0.44,21,0.74,22,0.53,21,0.26,24,0.83,25,0.22,23,0.8,24,0.64,23,0.47,0
F,473,Stewart,4.5,4.5,Southampton,37,1.79,37,2.26,37,1.91,39,2.02,39,2.52,38,2.07,38,1.57,38,2.43,39,1.56,40,2.19,39,1.98,39,1.88,0.01
D,474,Sugawara,4.5,4.5,Southampton,58,1.29,54,2.31,55,1.62,56,1.62,56,2.55,56,1.57,55,0.73,55,2.35,56,0.53,55,2.14,55,1.69,55,1.26,0
D,475,Taylor,4,4,Southampton,57,0.96,55,1.86,53,1.21,53,1.17,53,1.92,51,1.1,51,0.47,49,1.63,51,0.29,51,1.59,51,1.22,50,0.88,0.05
D,476,Walker-Peters,4.5,4.5,Southampton,58,1.02,60,2.08,58,1.35,59,1.36,58,2.14,60,1.34,58,0.54,58,2.04,58,0.32,58,1.86,58,1.44,58,1.05,0.01
D,477,Wood,4,4,Southampton,0,0,0,0,1,0.04,2,0.05,1,0.05,1,0.04,2,0.04,3,0.1,2,0.04,2,0.09,2,0.08,2,0.06,0.01
D,478,A.Phillips,4,4,Spurs,0,0,0,0,0,0,0,0,0,0,0,0,0,0,0,0,0,0,0,0,0,0,0,0,0.01
G,479,Austin,4,4,Spurs,0,0,0,0,0,0,0,0,0,0,0,0,0,0,0,0,0,0,0,0,0,0,0,0,0
M,480,Bentancur,5,5,Spurs,48,1.82,48,1.88,47,1.55,47,1.51,48,1.86,46,1.52,47,1.63,46,1.79,49,1.62,47,1.74,48,2.01,47,1.39,0
M,481,Bergvall,4.5,4.5,Spurs,0,0,0,0,0,0,0,0,0,0,0,0,0,0,0,0,0,0,0,0,0,0,0,0,0.01
M,482,Bissouma,5,5,Spurs,70,2.3,69,2.4,67,1.96,65,1.9,66,2.28,64,1.88,63,1.96,62,2.13,62,1.89,62,2.02,62,2.31,63,1.68,0
M,483,Bryan,5,5,Spurs,7,0.5,8,0.58,10,0.54,10,0.55,10,0.63,12,0.64,13,0.75,12,0.78,12,0.64,13,0.75,13,0.91,13,0.59,0
D,484,Davies,4.5,4.5,Spurs,5,0.21,9,0.39,12,0.4,13,0.41,13,0.56,13,0.41,15,0.53,16,0.68,15,0.56,15,0.58,17,0.84,15,0.36,0
M,485,Devine,4.5,4.5,Spurs,0,0,0,0,0,0,0,0,0,0,0,0,0,0,0,0,0,0,0,0,0,0,0,0,0
D,486,Dragusin,4.5,4.5,Spurs,10,0.38,14,0.56,18,0.54,20,0.57,23,0.91,24,0.67,23,0.75,22,0.84,23,0.78,24,0.87,24,1.09,25,0.44,0
D,487,E.Royal,4.5,4.5,Spurs,5,0.22,7,0.3,9,0.31,9,0.31,10,0.41,10,0.32,11,0.42,11,0.47,12,0.45,12,0.47,12,0.58,13,0.3,0
G,488,Forster,4.5,4.5,Spurs,0,0,1,0.06,2,0.08,3,0.09,3,0.1,3,0.1,4,0.14,4,0.17,5,0.17,4,0.17,4,0.16,4,0.14,0
M,489,Gray,5,5,Spurs,2,0.05,3,0.09,4,0.11,5,0.16,5,0.16,5,0.17,7,0.21,6,0.19,7,0.2,7,0.23,8,0.28,7,0.19,0
M,490,Højbjerg,5,5,Spurs,0,0,0,0,0,0,0,0,0,0,0,0,0,0,0,0,0,0,0,0,0,0,0,0,0
M,491,Johnson,6.5,6.5,Spurs,67,4.07,66,4.16,66,3.23,66,3.09,65,4.18,63,3.02,60,3.33,63,3.98,62,3.26,65,3.77,63,4.49,64,2.52,0.02
M,492,Kulusevski,6.5,6.5,Spurs,53,2.66,53,2.79,52,2.24,52,2.18,52,2.77,53,2.23,53,2.46,54,2.81,51,2.28,52,2.58,50,2.92,52,1.86,0.01
M,493,Lo Celso,5,5,Spurs,7,0.46,9,0.56,9,0.5,11,0.55,11,0.64,13,0.6,13,0.67,11,0.64,13,0.66,12,0.65,14,0.85,13,0.56,0
M,494,Maddison,7.5,7.5,Spurs,68,4.27,66,4.29,66,3.4,63,3.06,63,4.14,62,3.15,63,3.51,62,4.16,62,3.31,62,3.81,63,4.7,61,2.48,0.06
D,495,Pedro Porro,5.5,5.5,Spurs,88,4.12,85,4.51,85,2.85,83,2.66,82,4.27,82,2.66,80,3.14,81,4.01,80,3.07,79,3.53,79,4.81,79,1.56,0.25
D,496,Reguilón,4.5,4.5,Spurs,4,0.2,5,0.25,6,0.26,5,0.21,7,0.34,8,0.3,8,0.34,8,0.38,7,0.3,7,0.31,8,0.42,7,0.21,0
F,497,Richarlison,7,7,Spurs,45,2.87,44,2.74,45,2.3,44,2.11,45,2.89,43,2.18,44,2.48,44,2.82,43,2.32,41,2.48,43,3.07,42,1.78,0.01
D,498,Romero,5,5,Spurs,91,3.25,88,3.64,86,2.24,84,2.05,83,3.31,81,2.02,79,2.37,81,3.01,80,2.45,81,2.75,81,3.71,79,1.11,0.04
M,499,Sarr,5,5,Spurs,60,2.28,56,2.23,58,1.95,58,1.86,56,2.23,58,1.89,56,1.98,58,2.25,56,1.92,54,2.04,54,2.31,54,1.58,0
F,500,Scarlett,4.5,4.5,Spurs,0,0,0,0,0,0,0,0,0,0,0,0,0,0,0,0,0,0,0,0,0,0,0,0,0.01
M,501,Skipp,5,5,Spurs,7,0.37,10,0.43,11,0.43,11,0.43,11,0.46,13,0.51,15,0.57,15,0.6,14,0.54,14,0.57,14,0.59,15,0.55,0
M,502,Solomon,5.5,5.5,Spurs,4,0.35,6,0.46,7,0.44,8,0.46,9,0.62,9,0.55,9,0.58,11,0.7,11,0.63,12,0.72,11,0.75,11,0.52,0
F,503,Son,10,10,Spurs,88,6.26,87,6.23,87,4.82,85,4.44,83,6.14,84,4.58,82,5.03,80,5.94,81,4.66,82,5.62,81,6.69,83,3.65,0.09
D,504,Spence,4.5,4.5,Spurs,0,0,2,0.13,2,0.08,2,0.11,3,0.18,3,0.14,3,0.13,3,0.18,3,0.13,4,0.18,2,0.15,3,0.12,0
D,505,Udogie,5,5,Spurs,87,3.62,84,3.96,80,2.48,80,2.31,77,3.58,77,2.23,76,2.64,75,3.28,76,2.65,77,3.04,74,3.96,78,1.36,0.06
D,506,Van de Ven,4.5,4.5,Spurs,88,3.03,85,3.4,80,2.11,81,2.02,80,3.07,80,1.99,81,2.34,80,2.87,80,2.39,78,2.58,78,3.47,77,1.1,0.08
F,507,Veliz,5,5,Spurs,7,0.54,7,0.52,9,0.53,11,0.58,11,0.72,11,0.61,11,0.65,13,0.83,12,0.7,12,0.75,13,0.91,12,0.57,0
G,508,Vicario,5,5,Spurs,94,3.69,93,3.84,93,3.35,92,3.19,92,3.66,92,3.28,91,3.34,90,3.48,90,3.34,90,3.39,91,3.93,91,3,0.05
M,509,Werner,6.5,6.5,Spurs,38,2.62,39,2.76,36,2.06,38,2.05,37,2.78,37,2.11,38,2.46,37,2.81,39,2.36,38,2.64,37,3.12,37,1.78,0.01
G,510,Whiteman,4,4,Spurs,0,0,0,0,0,0,0,0,0,0,0,0,0,0,0,0,0,0,0,0,0,0,0,0,0.01
M,511,Álvarez,5,5,West Ham,39,1.16,69,1.84,82,2,81,2.22,81,2.2,79,2.16,79,2.57,79,2,79,2.15,79,2.24,78,2.3,78,1.96,0
F,512,Antonio,5.5,5.5,West Ham,70,3.28,66,2.87,64,2.55,65,3.06,63,2.94,61,2.81,62,3.6,62,2.56,60,2.85,61,2.97,60,3.06,61,2.57,0.01
G,513,Areola,4.5,4.5,West Ham,93,3.29,91,3.19,90,2.9,89,3.1,89,3.05,89,3.17,87,3.52,86,2.85,87,3.02,87,3.25,87,3.38,86,2.93,0.11
M,514,Bowen,7.5,7.5,West Ham,89,4.89,87,4.16,85,3.64,82,4.37,82,4.35,82,4.31,79,5.47,81,3.67,79,4.21,79,4.44,81,4.8,80,3.69,0.07
M,515,Cornet,5,5,West Ham,8,0.53,10,0.59,12,0.6,16,0.91,16,0.91,16,0.93,17,1.17,17,0.88,19,1.09,18,1.07,19,1.19,20,1.02,0
D,516,Coufal,4.5,4.5,West Ham,85,2.52,82,2.14,80,1.37,80,2.16,77,2.1,76,2.24,76,3.26,78,1.59,77,2.2,78,2.56,78,2.95,76,1.68,0.01
D,517,Cresswell,4,4,West Ham,17,0.6,17,0.55,20,0.51,23,0.79,23,0.77,24,0.86,26,1.22,26,0.73,26,0.89,26,1.01,29,1.24,29,0.83,0.02
M,518,Downes,5,5,Southampton,76,1.88,77,2.26,73,1.92,74,1.95,73,2.17,71,1.88,71,1.65,68,2.08,69,1.59,67,1.92,70,1.83,69,1.77,0
M,519,Earthy,4.5,4.5,West Ham,13,0.69,10,0.51,10,0.48,12,0.59,13,0.65,12,0.6,15,0.82,14,0.65,14,0.7,14,0.73,16,0.83,15,0.72,0
D,520,Emerson,4.5,4.5,West Ham,83,2.6,83,2.29,80,1.45,78,2.27,77,2.23,77,2.39,75,3.49,75,1.68,74,2.23,73,2.62,72,2.91,71,1.71,0.01
G,521,Fabianski,4,4,West Ham,2,0.08,4,0.14,4,0.14,6,0.2,6,0.2,5,0.2,7,0.31,9,0.28,7,0.24,7,0.27,7,0.28,9,0.29,0.08
G,522,Foderingham,4.5,4.5,West Ham,0,0,0,0,0,0,0,0,0,0,0,0,0,0,0,0,0,0,0,0,0,0,0,0,0
F,523,Ings,5,5,West Ham,13,0.85,14,0.8,16,0.84,18,1.12,19,1.12,19,1.17,20,1.49,20,1.08,21,1.29,19,1.21,20,1.32,19,1.04,0.01
D,524,Kilman,4.5,4.5,West Ham,66,1.91,62,1.6,64,1.06,64,1.66,62,1.61,63,1.78,63,2.65,63,1.27,61,1.69,63,2.05,61,2.26,61,1.33,0.01
M,525,Kudus,6.5,6.5,West Ham,88,4.13,84,3.5,81,3.02,78,3.54,76,3.41,77,3.46,76,4.5,77,3.04,76,3.5,75,3.64,75,3.86,75,3.03,0.1
M,526,L.Guilherme,5,5,West Ham,11,0.59,12,0.6,14,0.68,17,0.92,17,0.93,18,1,19,1.2,18,0.9,18,0.95,21,1.16,20,1.14,20,1,0
M,527,L.Paquetá,6,6,West Ham,59,3.04,48,2.22,37,1.62,34,1.75,37,1.86,37,1.79,36,2.33,34,1.5,36,1.88,36,1.86,32,1.87,35,1.54,0.01
D,528,Mavropanos,4.5,4.5,West Ham,18,0.61,23,0.72,24,0.56,25,0.81,30,0.96,30,0.99,31,1.44,31,0.81,31,1.03,29,1.11,30,1.29,32,0.87,0
D,529,N.Aguerd,4.5,4.5,West Ham,37,1.17,41,1.14,42,0.78,43,1.21,46,1.27,46,1.35,45,1.9,45,0.98,49,1.41,47,1.53,47,1.75,48,1.09,0
M,530,Souček,5,5,West Ham,76,2.72,72,2.39,73,2.26,72,2.56,71,2.5,70,2.44,67,2.96,70,2.28,69,2.47,69,2.62,68,2.76,69,2.24,0.02
M,531,Ward-Prowse,6.5,6.5,West Ham,77,3.44,72,2.88,72,2.73,71,3.12,68,3.03,70,3.05,71,3.98,69,2.68,70,3.1,70,3.17,72,3.58,69,2.78,0.02
D,532,Zouma,4.5,4.5,West Ham,76,2.33,73,2,70,1.28,68,1.87,65,1.79,65,1.91,66,2.85,64,1.39,62,1.77,64,2.15,64,2.46,64,1.51,0.01
D,533,Aït-Nouri,4.5,4.5,Wolves,79,1.41,77,2.48,76,2.96,68,2.54,67,1.92,65,1.93,65,2.29,64,1.47,63,2.08,64,2.63,63,3.13,64,2.17,0.04
M,534,B.Traore,5,5,Wolves,15,0.53,19,0.73,19,0.75,23,0.85,23,0.84,22,0.8,22,0.8,24,0.82,25,0.87,27,0.98,26,1.02,27,0.95,0
M,535,Bellegarde,5,5,Wolves,19,0.8,23,1.08,24,1.16,22,1.06,25,1.1,25,1.09,26,1.17,24,1.01,26,1.14,26,1.23,25,1.32,26,1.17,0
G,536,Bentley,4,4,Wolves,0,0,2,0.08,3,0.11,3,0.11,3,0.1,4,0.15,4,0.14,4,0.13,4,0.14,5,0.17,5,0.19,5,0.16,0.01
M,537,Chiquinho,4.5,4.5,Wolves,0,0,1,0.09,0,0,1,0.1,2,0.12,2,0.12,1,0.12,2,0.17,2,0.18,2,0.2,2,0.17,2,0.16,0
M,538,Chirewa,4.5,4.5,Wolves,1,0.09,2,0.14,3,0.2,4,0.25,3,0.18,3,0.22,3,0.23,4,0.25,4,0.26,4,0.29,4,0.28,4,0.28,0
F,539,Chiwome,4.5,4.5,Wolves,3,0.2,4,0.24,4,0.29,5,0.29,5,0.31,6,0.34,6,0.36,6,0.34,5,0.32,6,0.36,6,0.39,5,0.32,0
M,540,Cundle,4.5,4.5,Wolves,0,0,1,0.09,2,0.12,2,0.15,3,0.19,3,0.2,4,0.26,4,0.23,4,0.26,4,0.27,5,0.32,5,0.32,0
F,541,Cunha,6.5,6.5,Wolves,79,2.84,76,3.58,72,3.55,72,3.55,72,3.13,72,3.2,70,3.27,71,2.81,70,3.22,70,3.55,70,4.21,70,3.33,0.03
D,542,Dawson,4.5,4.5,Wolves,46,0.66,47,1.23,49,1.58,49,1.42,48,1.1,49,1.13,49,1.4,47,0.8,50,1.29,50,1.65,49,1.93,51,1.32,0
D,543,Doherty,4.5,4.5,Wolves,75,1.42,73,2.44,71,2.83,24,0.98,24,0.85,25,0.89,26,1.03,27,0.77,27,0.99,26,1.12,26,1.3,26,0.99,0
M,544,Doyle,5,5,Wolves,14,0.61,16,0.78,17,0.84,18,0.86,18,0.84,19,0.89,19,0.9,19,0.82,19,0.89,19,0.92,20,1.07,20,0.93,0
F,545,Fábio Silva,5,5,Wolves,4,0.24,4,0.3,5,0.38,6,0.43,5,0.37,5,0.36,6,0.4,6,0.35,7,0.43,7,0.46,6,0.47,7,0.45,0
F,546,Fraser,4.5,4.5,Wolves,3,0.19,4,0.24,5,0.3,5,0.31,6,0.33,5,0.32,5,0.32,6,0.33,6,0.34,5,0.34,6,0.39,6,0.35,0.05
M,547,Gonzalez,4.5,4.5,Wolves,0,0,0,0,0,0,0,0,0,0,0,0,0,0,0,0,0,0,0,0,0,0,0,0,0
M,548,Guedes,5.5,5.5,Wolves,6,0.36,7,0.44,7,0.48,8,0.51,9,0.49,9,0.53,9,0.55,9,0.49,9,0.5,9,0.56,8,0.57,9,0.54,0
D,549,H.Bueno,4.5,4.5,Wolves,19,0.51,20,0.72,20,0.82,14,0.53,15,0.52,16,0.55,17,0.63,17,0.5,17,0.63,17,0.71,18,0.86,17,0.64,0
M,550,Hee Chan,6.5,6.5,Wolves,77,2.81,74,3.57,73,3.76,70,3.59,69,3.13,69,3.18,70,3.37,68,2.81,68,3.27,67,3.57,68,4.31,68,3.39,0.02
M,551,Hodge,4.5,4.5,Wolves,0,0,0,0,0,0,0,0,0,0,0,0,0,0,0,0,0,0,0,0,0,0,0,0,0
D,552,Hoever,4,4,Wolves,16,0.39,19,0.69,21,0.85,7,0.28,10,0.32,11,0.37,13,0.46,12,0.33,11,0.39,13,0.53,14,0.63,13,0.47,0
M,553,J.Gomes,5,5,Wolves,87,2.02,84,2.29,82,2.36,80,2.27,79,2.09,79,2.09,77,2.18,77,1.92,77,2.08,74,2.21,74,2.46,75,2.08,0
G,554,José Sá,4.5,4.5,Wolves,94,3.08,93,3.22,92,3.47,92,3.29,92,3.14,90,3.04,91,3.3,91,2.9,91,3.18,90,3.38,90,3.57,90,3.16,0.03
F,555,Kalajdžić,5,5,Wolves,1,0.07,3,0.2,5,0.36,5,0.35,5,0.35,5,0.33,6,0.4,6,0.37,5,0.33,6,0.44,6,0.47,6,0.39,0
G,556,King,4,4,Wolves,0,0,0,0,0,0,0,0,0,0,0,0,0,0,0,0,0,0,0,0,0,0,0,0,0.01
M,557,Mario Jr.,5,5,Wolves,89,2.09,84,2.43,81,2.47,79,2.47,78,2.23,78,2.25,77,2.27,77,2.03,74,2.18,75,2.4,75,2.71,74,2.21,0
D,558,Mosquera,4,4,Wolves,43,0.73,47,1.34,47,1.64,49,1.53,48,1.18,49,1.22,50,1.54,50,0.95,51,1.4,48,1.71,49,2.06,48,1.4,0.01
D,559,N.Semedo,4.5,4.5,Wolves,0,0,0,0,0,0,82,2.5,80,1.86,79,1.9,79,2.33,78,1.42,79,2.09,78,2.77,78,3.28,79,2.15,0
M,560,Neto,6.5,6.5,Wolves,22,1.04,22,1.25,22,1.31,22,1.29,23,1.21,21,1.16,22,1.25,22,1.11,23,1.26,23,1.36,25,1.7,22,1.24,0.01
D,561,Pedro Lima,4,4,Wolves,0,0,0,0,0,0,0,0,0,0,0,0,0,0,0,0,0,0,0,0,0,0,0,0,0.01
M,562,Podence,5.5,5.5,Wolves,0,0,0,0,0,0,0,0,0,0,0,0,0,0,0,0,0,0,0,0,0,0,0,0,0
M,563,R.Gomes,5.5,5.5,Wolves,0,0,0,0,0,0,0,0,0,0,0,0,0,0,0,0,0,0,0,0,0,0,0,0,0
D,564,S.Bueno,4.5,4.5,Wolves,79,1.14,75,1.95,75,2.44,73,2.16,72,1.61,71,1.62,71,2,72,1.23,67,1.72,68,2.25,68,2.59,69,1.81,0
M,565,Sarabia,5.5,5.5,Wolves,46,1.93,44,2.36,44,2.43,43,2.39,40,2.06,42,2.17,42,2.25,43,1.96,43,2.28,41,2.43,42,2.89,41,2.19,0
F,566,Strand Larsen,5.5,5.5,Wolves,38,1.57,37,1.89,38,1.98,37,1.93,40,1.88,37,1.8,38,1.88,37,1.61,39,1.95,38,2.02,38,2.42,36,1.89,0
D,567,Toti,4.5,4.5,Wolves,89,1.17,87,2.19,85,2.65,82,2.38,80,1.75,81,1.79,78,2.19,80,1.32,79,1.94,81,2.58,81,3.11,80,2.04,0
G,568,Muric,4.5,4.5,Ipswich,94,3.02,92,3.05,91,3.2,90,3.02,90,3.19,90,3.05,89,3.01,88,3.24,89,3.05,89,3.28,88,2.82,88,2.94,0
M,569,Jaden,5.5,5.5,Aston Villa,6,0.36,8,0.43,9,0.58,8,0.52,8,0.49,7,0.47,9,0.51,8,0.49,10,0.66,10,0.51,9,0.42,9,0.52,0
M,570,A.Fatawu,5.5,5.5,Leicester,70,2.91,69,2.89,68,2.97,66,2.63,66,3.1,64,2.13,64,3.18,63,2.92,65,3.24,63,2.97,65,2.42,65,2.68,0.01
M,571,Sávio,6.5,6.5,Man City,0,0,0,0,0,0,0,0,0,0,0,0,0,0,0,0,0,0,0,0,0,0,0,0,0.01
D,572,Yoro,4.5,4.5,Man Utd,0,0,0,0,0,0,0,0,0,0,0,0,0,0,1,0.05,0,0,0,0,0,0,0,0,0.05
D,573,Milenković,4.5,4.5,Nott'm Forest,0,0,0,0,0,0,0,0,0,0,0,0,0,0,0,0,0,0,0,0,0,0,1,0.03,0
D,574,Pivas,4,4,Newcastle,0,0,0,0,0,0,0,0,0,0,0,0,0,0,0,0,0,0,0,0,0,0,0,0,0
D,575,Wiley,4,4,Chelsea,0,0,0,0,0,0,0,0,0,0,0,0,0,0,0,0,0,0,0,0,0,0,0,0,0
M,576,Irving,5,5,West Ham,28,1.19,24,0.97,23,0.91,23,0.99,24,1.01,27,1.08,26,1.23,26,1.01,26,1.09,26,1.1,28,1.2,28,1.09,0
D,10001,Josh Wilson-Esbrand,99.9,99.9,Man City,0,0,0,0,0,0,0,0,0,0,0,0,0,0,0,0,0,0,0,0,0,0,0,0,0
D,10002,Yan Couto,99.9,99.9,Man City,11,0.47,14,0.84,15,0.7,17,0.95,15,0.64,17,0.76,17,0.97,17,0.86,18,1.16,18,0.92,18,0.92,19,0.94,0
G,10006,Carl Rushworth,99.9,99.9,Brighton,16,0.58,16,0.54,10,0.33,3,0.12,4,0.16,4,0.13,5,0.18,4,0.13,5,0.21,6,0.2,6,0.18,5,0.17,0
M,10011,Malick Junior Yalcouyé,99.9,99.9,Brighton,0,0,0,0,0,0,0,0,0,0,0,0,0,0,0,0,0,0,0,0,0,0,0,0,0
F,10012,Abdallah Sima,99.9,99.9,Brighton,5,0.38,7,0.47,7,0.4,6,0.44,4,0.36,4,0.27,4,0.3,5,0.36,5,0.39,4,0.28,4,0.29,5,0.38,0
G,10016,Ben Winterbottom,99.9,99.9,Brentford,0,0,0,0,0,0,0,0,0,0,0,0,0,0,0,0,0,0,0,0,0,0,0,0,0
G,10038,Will Dennis,99.9,99.9,Bournemouth,0,0,0,0,0,0,0,0,0,0,0,0,0,0,0,0,0,0,0,0,0,0,0,0,0
G,10039,Billy Crellin,99.9,99.9,Everton,0,0,0,0,0,0,0,0,0,0,0,0,0,0,0,0,0,0,0,0,0,0,0,0,0
D,10060,Janoi Donacien,99.9,99.9,Ipswich,3,0.07,4,0.07,6,0.17,6,0.15,7,0.2,7,0.21,8,0.22,9,0.29,9,0.24,10,0.32,9,0.21,9,0.24,0
M,10064,Máximo Perrone,99.9,99.9,Man City,0,0,0,0,0,0,0,0,1,0.09,1,0.09,1,0.1,2,0.15,2,0.17,2,0.16,2,0.13,2,0.14,0
D,10065,Issa Kaboré,99.9,99.9,Man City,1,0.05,1,0.08,1,0.06,2,0.1,2,0.1,2,0.09,3,0.16,3,0.14,3,0.15,4,0.2,3,0.15,4,0.17,0
G,10066,Gabriel Slonina,99.9,99.9,Chelsea,0,0,0,0,0,0,0,0,0,0,0,0,0,0,0,0,0,0,0,0,0,0,0,0,0
F,10067,Diego Moreira,99.9,99.9,Chelsea,0,0,0,0,0,0,0,0,0,0,0,0,0,0,0,0,0,0,0,0,0,0,0,0,0
G,10068,Mark Gillespie,99.9,99.9,Newcastle,0,0,0,0,0,0,0,0,0,0,0,0,0,0,0,0,0,0,0,0,0,0,0,0,0
D,10069,Harrison Ashby,99.9,99.9,Newcastle,0,0,0,0,0,0,0,0,0,0,0,0,0,0,0,0,0,0,0,0,0,0,0,0,0
D,10070,Ed Turns,99.9,99.9,Brighton,0,0,0,0,0,0,0,0,0,0,0,0,0,0,0,0,0,0,0,0,0,0,0,0,0
M,10071,Yasin Ayari,99.9,99.9,Brighton,0,0,0,0,0,0,0,0,0,0,1,0.08,0,0,0,0,0,0,0,0,0,0,0,0,0
M,10072,Marc Leonard,99.9,99.9,Brighton,0,0,0,0,0,0,0,0,0,0,0,0,0,0,0,0,0,0,0,0,0,0,0,0,0
M,10073,Andrew Moran,99.9,99.9,Brighton,0,0,0,0,0,0,0,0,0,0,0,0,0,0,0,0,0,0,0,0,0,0,0,0,0
M,10075,Jensen Weir,99.9,99.9,Brighton,0,0,0,0,0,0,0,0,0,0,0,0,0,0,0,0,0,0,0,0,0,0,0,0,0
G,10076,Matthew Cox,99.9,99.9,Brentford,0,0,0,0,0,0,0,0,0,0,0,0,0,0,0,0,0,0,0,0,0,0,0,0,0
M,10077,Paris Maghoma,99.9,99.9,Brentford,0,0,0,0,0,0,0,0,1,0.07,2,0.1,2,0.09,2,0.1,2,0.12,2,0.09,2,0.11,2,0.13,0
D,10078,Fin Stevens,99.9,99.9,Brentford,0,0,0,0,0,0,0,0,0,0,0,0,0,0,0,0,0,0,0,0,0,0,0,0,0
M,10079,Ryan Trevitt,99.9,99.9,Brentford,0,0,0,0,0,0,0,0,0,0,0,0,0,0,0,0,0,0,0,0,0,0,0,0,0
M,10080,Jonjo Shelvey,99.9,99.9,Nott'm Forest,2,0.13,4,0.19,5,0.24,6,0.26,7,0.3,8,0.37,9,0.35,8,0.36,8,0.36,8,0.35,9,0.38,10,0.39,0
F,10081,Willian,99.9,99.9,Fulham,52,2.35,53,3.34,51,2.79,53,3,52,2.81,53,2.81,54,2.1,53,2.82,52,2.54,50,2.82,52,2.46,53,2.95,0
M,10083,Daniel Gore,99.9,99.9,Man Utd,0,0,0,0,0,0,0,0,0,0,0,0,0,0,0,0,0,0,0,0,0,0,0,0,0
F,10085,Callum Marshall,99.9,99.9,West Ham,0,0,0,0,0,0,0,0,0,0,0,0,0,0,0,0,0,0,0,0,0,0,0,0,0
M,10086,Chem Campbell,99.9,99.9,Wolves,0,0,0,0,0,0,0,0,0,0,0,0,0,0,0,0,0,0,0,0,0,0,0,0,0
M,10087,Gavin Kilkenny,99.9,99.9,Bournemouth,0,0,2,0.1,2,0.12,2,0.14,3,0.15,3,0.2,3,0.2,3,0.2,3,0.15,2,0.12,1,0.09,0,0,0
G,10088,Harry Tyrer,99.9,99.9,Everton,0,0,0,0,0,0,0,0,0,0,0,0,0,0,0,0,0,0,0,0,0,0,0,0,0
D,10091,Riccardo Calafiori,99.9,99.9,Arsenal,37,1.95,49,1.83,55,2.7,61,2.17,60,1.49,61,3.41,61,3.41,59,2.5,56,2.15,59,2.21,55,1.87,59,3.24,0
G,10093,Vitezslav Jaros,99.9,99.9,Liverpool,0,0,0,0,0,0,0,0,0,0,0,0,0,0,0,0,0,0,0,0,0,0,0,0,0
